id,sex,weight,svl
BGS-0425,F,45,39
BGS-10,F,66.5,45
BGS-1000,F,4.966666667,19.2
BGS-1001,F,4.65,19.55
BGS-1002,M,5.7,20.5
BGS-1003,M,7.4,21.05
BGS-1004,M,8,37.55
BGS-1005,F,5.6,20
BGS-1006,M,6.85,21.7
BGS-1007,M,10.2,24.46666667
BGS-1008,F,4.8,20.5
BGS-1009,F,26.375,30.325
BGS-1010,F,7.9,22.33333333
BGS-1011,M,8.05,22.5
BGS-1012,F,5.7,21
BGS-1013,M,5.7,40.5
BGS-1014,M,5,19.3
BGS-1015,F,8.333333333,22.2
BGS-1016,M,6.4,22.175
BGS-1017,M,8.6,22.8
BGS-1018,M,28.25,37.075
BGS-1019,M,6.3,19
BGS-1020,F,13.4,26.1
BGS-1021,M,21.75,31.2
BGS-1022,M,6.4,20.2
BGS-1023,F,5.8,20.1
BGS-1024,F,7.8,22
BGS-1025,F,42.95,38.85
BGS-1026,F,4.5,19
BGS-1027,F,9.1,21.65
BGS-1028,F,6.5,20.675
BGS-1029,M,6.6,21
BGS-1030,M,24.2,35.6
BGS-1031,F,8.45,22.7
BGS-1032,F,38.55,31.2
BGS-1033,F,4.5,18.5
BGS-1034,M,6.7,19.7
BGS-1035,F,4.5,19.5
BGS-1036,F,11.8,26.5
BGS-1037,M,5.9,21.6
BGS-1038,M,6.1,19.3
BGS-1039,M,5.7,18.5
BGS-1040,M,7.5,19.7
BGS-1041,F,5.65,18.8
BGS-1042,F,9.2,22.5
BGS-1043,F,6.1,20.1
BGS-1044,F,10,23.3
BGS-1045,M,7.1,20.4
BGS-1046,M,5.35,18.5
BGS-1047,F,5.5,20.5
BGS-1048,M,7.3,22
BGS-1049,M,6.733333333,22.3
BGS-1050,M,16.3,27.7
BGS-1052,M,21.5,33
BGS-1053,M,18.5,30
BGS-1054,M,27.4,36.6
BGS-1055,M,8.7,22.9
BGS-1056,M,9.15,24.175
BGS-1057,F,41.8,40.7
BGS-1058,F,9.05,23.6
BGS-1059,M,25.5,36
BGS-1060,M,10.68,24.175
BGS-1061,F,6.7,21.5
BGS-1062,M,7.95,21.5
BGS-1063,M,5,18
BGS-1064,F,31.5,36
BGS-1065,F,28,36.5
BGS-1066,M,8.033333333,22.63333333
BGS-1067,F,6.9,21.95
BGS-1068,M,11.45,29.3
BGS-1070,M,7,20.6
BGS-1071,M,6,19.6
BGS-1072,F,10.2,25.05
BGS-1073,M,8.1,21.7
BGS-1074,F,7.8,22.7
BGS-1075,M,6.3,20.4
BGS-1076,M,26,36.3
BGS-1077,M,9.466666667,23.3
BGS-1078,F,8.5,24.7
BGS-1079,F,11.5,25.1
BGS-1080,F,6.6,21
BGS-1081,F,5,17.2
BGS-1082,M,9.3,22.5
BGS-1083,M,9.1,22.3
BGS-1084,F,9.9,23.1
BGS-1085,F,29,34.1
BGS-1086,M,6.1,20.2
BGS-1087,M,12.03333333,24.73333333
BGS-1088,F,35.91111111,35.05
BGS-1089,F,24.7,35.7
BGS-1090,F,30.4,35
BGS-1091,F,8.7,23
BGS-1092,F,9.7,23.5
BGS-1093,F,8.7,23.25
BGS-1094,M,11.5,24.5
BGS-1095,M,9.3,23
BGS-1096,F,8.7,23.7
BGS-1097,M,8.4,23.6
BGS-1098,M,29.5,37.2
BGS-11,M,34,37.8
BGS-110,M,29.75,40.9
BGS-1100,F,7.6,24.2
BGS-1101,F,9.2,22.7
BGS-1102,M,9.9,24.4
BGS-1103,M,30,38.2
BGS-1104,M,21.7,35
BGS-1105,M,21.8,32
BGS-1106,M,21.7,34.4
BGS-1107,F,7.4,21.1
BGS-1108,F,37.975,34.9
BGS-1109,M,27.2,36
BGS-1110,F,71.5,45.5
BGS-1111,M,5.5,20.5
BGS-1112,M,10.55,25.5
BGS-1113,M,8.3,22.7
BGS-1114,F,7.4,22.6
BGS-1115,F,11.5,24.5
BGS-1116,M,5.9,21.2
BGS-1117,F,4.8,18.8
BGS-1118,M,7,22.5
BGS-1119,F,9.9,24.6
BGS-1120,F,8.1,23.5
BGS-1121,M,6.9,22.4
BGS-1122,M,6,20.6
BGS-1123,M,5.9,19.8
BGS-1124,F,6.9,21.3
BGS-1125,F,10.3,24
BGS-1126,M,8.6,22.6
BGS-1127,M,8.3,23.5
BGS-1128,F,6.9,22
BGS-1129,M,7.9,22.8
BGS-113,F,72,35
BGS-1130,F,6,21
BGS-1131,F,8.7,23.2
BGS-1132,F,12.7,26.2
BGS-1133,M,12.1,26.5
BGS-1134,M,9.5,23.8
BGS-1135,M,7.9,22.2
BGS-1136,M,8.7,23
BGS-1137,F,5.9,20.2
BGS-1138,M,14.15,26.45
BGS-1139,M,5.9,21
BGS-1140,M,4.5,20
BGS-1141,F,9.9,24.7
BGS-1142,M,7.4,22
BGS-1143,F,6.5,21.5
BGS-1144,M,12.3,26.8
BGS-1145,M,8.3,22
BGS-1146,M,10.4,24
BGS-1147,M,10.9,25.2
BGS-1148,F,6.7,21.8
BGS-1149,F,5.8,19.5
BGS-1150,M,5.6,21.2
BGS-1151,M,19.5,33.9
BGS-1152,M,7.7,23.6
BGS-1153,F,50.8,37.5
BGS-1154,M,19,31.8
BGS-1155,F,40.8,34.96666667
BGS-1156,M,28.5,40.2
BGS-1157,F,34,35.8
BGS-1158,F,43.6,41.5
BGS-1159,M,22.8,36.4
BGS-1160,F,54,44
BGS-1161,F,48.08,42
BGS-1162,F,70.4,47
BGS-1163,F,52.5,44.2
BGS-1164,M,21.6,35
BGS-1165,M,17.8,32
BGS-1166,M,20.2,37.3
BGS-1167,F,41.6,39.8
BGS-1168,F,11.5,24.1
BGS-1169,M,30.2,37.3
BGS-1170,M,24.2,36.9
BGS-1171,F,33.78333333,36.92
BGS-1172,F,52.2,41.46666667
BGS-1173,F,43,35.3
BGS-1174,F,50.86666667,40.73333333
BGS-1175,F,38.7,40
BGS-1176,F,34.5,38.6
BGS-1177,F,23.5,31.2
BGS-1178,M,5.1,18.9
BGS-1179,F,30.8,34.5
BGS-1180,F,7,24.2
BGS-1181,F,8.6,23.4
BGS-1182,M,9.05,26.75
BGS-1183,F,10.4,27.4
BGS-1184,F,45.6,44
BGS-1185,M,8.95,25.85
BGS-1186,F,45.56666667,38.26666667
BGS-1187,F,64.4,42.2
BGS-1188,F,5.9,21.7
BGS-119,M,25.5,26.3
BGS-1190,M,13.5,25.2
BGS-1191,M,25.3,36.55
BGS-1192,F,71.65,45.03333333
BGS-1193,M,10.75,25.5
BGS-1194,M,9.4,24.3
BGS-1195,F,13.1,26.25
BGS-1196,F,45.8,43.4
BGS-1197,F,37.25,38.65
BGS-1198,F,76.6,46
BGS-1199,F,52.6,40.5
BGS-1200,M,31.4,37.65
BGS-1201,M,18,31.5
BGS-1202,F,39.7,37.1
BGS-1203,F,49.7,38.575
BGS-1204,F,25.55,28
BGS-1205,F,9.3,24.6
BGS-1206,M,10.6,24.8
BGS-1207,M,8.9,22.975
BGS-1208,M,19.6,34.5
BGS-1209,M,13.13333333,27.03333333
BGS-1210,F,54.8,44.4
BGS-1211,F,58,42.7
BGS-1212,F,45.7,39.35
BGS-1213,M,12.7,25.5
BGS-1214,M,10.1,25
BGS-1215,F,40,33.9
BGS-1216,M,32.43333333,38.15
BGS-1217,M,11.2,26.3
BGS-1218,M,21.3,35.5
BGS-1219,F,9.8,23.5
BGS-1220,F,13.9,28.3
BGS-1221,M,9.8,25
BGS-1222,F,21.9,31.55
BGS-1223,M,12.1,25
BGS-1224,F,10,24.8
BGS-1225,F,10,25
BGS-1226,F,9.5,24.1
BGS-1227,M,14.03333333,26.83333333
BGS-1228,F,12.1,26.7
BGS-1229,F,11.65,27.95
BGS-1230,F,14.4,26
BGS-1231,M,9.7,25.3
BGS-1232,F,30.45,31.65
BGS-1233,M,12,25.8
BGS-1234,F,9.7,23.6
BGS-1235,F,42.4,36.8
BGS-1236,F,33.6,34.8
BGS-1237,F,12.85,25.85
BGS-1238,F,12.8,25.4
BGS-1239,M,25.26666667,34.5
BGS-1240,F,48.7,39.86666667
BGS-1241,F,46.06666667,37.66666667
BGS-1242,F,11.7,25
BGS-1243,M,22,35.3
BGS-1244,M,17.2,36.2
BGS-1245,M,11.2,25.7
BGS-1246,M,32.1,39.5
BGS-1247,F,49.56666667,39.86666667
BGS-1248,F,37.85,38.15
BGS-1249,M,10.8,26
BGS-1250,F,43.3,39
BGS-1251,M,26.4,34.75
BGS-1252,F,7.3,22
BGS-1253,M,24.2,32.4
BGS-1254,M,23.4,33.4
BGS-1255,M,9.5,24
BGS-1256,F,65.775,40.16666667
BGS-1257,F,50.12,38.46
BGS-1258,F,73.6,46
BGS-1259,F,67,40.4
BGS-1260,F,59.9,39.85
BGS-1261,F,59.4,42.7
BGS-1262,F,38.5,33.6
BGS-1263,F,37.9,35
BGS-1264,M,25.5,34.5
BGS-1265,F,38.83333333,37.45
BGS-1266,F,55.8,40.1
BGS-1267,F,55.9,39.86666667
BGS-1268,F,41.8,36.5
BGS-1269,M,10,24
BGS-1270,M,15.4,29.1
BGS-1271,F,18,29.7
BGS-1272,F,10.6,26.4
BGS-1273,M,16.775,31.925
BGS-1276,F,55.75,39.85
BGS-1277,M,12.8,28.5
BGS-1278,M,11.2,25.8
BGS-1279,F,9.2,24.3
BGS-1280,F,39.4,36.8
BGS-1281,F,14.8,28.8
BGS-1282,F,39.375,35.03333333
BGS-1283,F,43.7,37.93333333
BGS-1284,F,50.7,37.5
BGS-1285,F,68.55,41.65
BGS-1286,F,57.76,39.8
BGS-1287,F,28.4,33.4
BGS-1288,F,71.75,42
BGS-1289,F,49.76666667,38.53333333
BGS-129,F,49.53333333,38.43333333
BGS-1290,F,11.8,25.4
BGS-1291,F,62.8,40.56666667
BGS-1292,F,41.6,36.2
BGS-1293,F,64.6,41
BGS-1294,F,44.5,36.3
BGS-1295,F,50.4,36.66666667
BGS-1296,F,11.5,28
BGS-1297,F,43.05,36.05
BGS-1298,M,18.1,29.75
BGS-1299,M,20,32.6
BGS-13,F,40.5,36.73333333
BGS-130,F,52.15,41.025
BGS-1300,F,24.75,34.9
BGS-1301,F,18.6,30.1
BGS-1302,M,28.8,33.6
BGS-1303,F,55.4,41.7
BGS-1304,F,39.8,37.8
BGS-1305,F,26.1,32.25
BGS-1306,F,57.1,40.5
BGS-1307,F,29.6,34.1
BGS-1308,F,11,26.8
BGS-1309,M,12.1,25.5
BGS-1310,F,15.7,28.5
BGS-1311,M,17.4,31
BGS-1312,F,14.2,28
BGS-1313,F,31,33.1
BGS-1314,M,10,25.5
BGS-1315,F,52.95,41.6
BGS-1316,F,46.7,39
BGS-1317,F,13.8,26.9
BGS-1318,M,14.6,28
BGS-1319,F,47.83333333,38.26666667
BGS-1320,F,46.6,39.1
BGS-1321,F,16.3,31.6
BGS-1322,M,9.5,24.5
BGS-1323,M,47.2,43.4
BGS-1324,M,15.8,29.7
BGS-1325,M,36.1,37.2
BGS-1326,M,32.9,36.8
BGS-1327,F,64,41.75
BGS-1328,F,82.5,45
BGS-1329,F,64,41.5
BGS-1330,M,12.5,27
BGS-1331,M,32.2,34.33333333
BGS-1332,M,43.43333333,38.4
BGS-1333,M,37.6,37.5
BGS-1334,F,57.1,44.03333333
BGS-1335,M,12.6,28.9
BGS-1336,F,10.5,24.4
BGS-1338,F,46.6,38
BGS-1339,F,42.1,36
BGS-1340,F,33.05,34.15
BGS-1341,M,33.94,39.38
BGS-1342,F,16.65,29.75
BGS-1343,M,15.1,28.15
BGS-1344,F,11.95,25.35
BGS-1345,F,46.9,37.9
BGS-1346,F,52.65,39.05
BGS-1347,F,46.7,38.3
BGS-1348,F,57.6,42.96666667
BGS-1349,F,46.4,38
BGS-1350,F,41.5,36.5
BGS-1351,F,52.15,40.85
BGS-1352,M,26.3,32.5
BGS-1353,M,10,25.5
BGS-1354,F,21,31.8
BGS-1355,F,38.95,35.175
BGS-1356,F,13,26.3
BGS-1357,M,22.05,34.6
BGS-1358,M,35.6,36.9
BGS-1359,M,14.6,27.7
BGS-1360,M,12.3,27
BGS-1361,M,15.6,29.2
BGS-1362,F,21,31.2
BGS-1363,F,59.15,44
BGS-1364,F,20,30.4
BGS-1365,M,23.5,35.2
BGS-1366,M,15.4,28.4
BGS-1367,M,20.2,30.5
BGS-1368,F,22.8,31.5
BGS-1369,F,43.65,40.1
BGS-1370,F,17.58571429,29.05
BGS-1371,F,16.6,30.6
BGS-1372,F,50.6,39.4
BGS-1373,M,32.6,36.3
BGS-1374,F,47.2,41.2
BGS-1375,M,14.7,28.5
BGS-1376,M,14.1,27.7
BGS-1377,F,14.5,29.3
BGS-1378,F,44.5,38
BGS-1379,M,25,36.1
BGS-1380,F,14.5,28.5
BGS-1381,M,10.4,25.8
BGS-1382,F,76.5,44.65
BGS-1383,M,14.8,28.9
BGS-1384,F,52.5,39.5
BGS-1385,F,62.025,40.375
BGS-1386,M,26.6,33.925
BGS-1387,F,44.7,37.6
BGS-1388,F,55.7,41.6
BGS-1389,F,52.1,36.9
BGS-139,M,29.83333333,36.43333333
BGS-1390,F,62.6,41
BGS-1391,F,20,32
BGS-1392,M,21.5,31.8
BGS-1393,F,60,40.5
BGS-1394,F,61.14,43.65
BGS-1395,M,12.2,28
BGS-1396,M,19.3,32.25
BGS-1397,F,10,25.7
BGS-1398,F,40,42.5
BGS-1399,M,22.8,34.5
BGS-14,F,50.16666667,38.7
BGS-1400,F,41.025,37.4
BGS-1401,F,23.3,32.1
BGS-1402,M,34.3,39.3
BGS-1403,F,22,31
BGS-1404,F,44.35,34.4
BGS-1405,F,27,36.5
BGS-1406,M,25.4,35.75
BGS-1407,M,35,38
BGS-1408,M,24.2,34
BGS-1409,M,4.6,18.7
BGS-1410,M,4.1,19.2
BGS-1411,F,30.3,38.3
BGS-1412,F,5.1,19.4
BGS-1413,F,7.08,23.1
BGS-1414,F,29.5,38.3
BGS-1415,F,33,38.5
BGS-1416,M,6.4,20.4
BGS-1417,F,56,41.3
BGS-1418,M,17.2,29.36666667
BGS-1419,M,26.1,34.7
BGS-1420,F,53.5,39
BGS-1421,M,20,32
BGS-1422,F,36.4,36.13333333
BGS-1423,M,5.9,17.6
BGS-1424,F,4,17.8
BGS-1425,M,3.6,17.3
BGS-1426,M,4.4,17.5
BGS-1427,F,6.15,21.1
BGS-1428,M,8.25,23.15
BGS-1429,M,21.6,32.5
BGS-1430,F,7,21.1
BGS-1431,M,28.2,36
BGS-1432,M,20,32.5
BGS-1433,M,6,20.3
BGS-1434,F,14.13333333,26.26666667
BGS-1435,F,24.75,35
BGS-1436,F,4.8,19.5
BGS-1437,F,8.4,23.9
BGS-1438,F,29,36.2
BGS-1439,M,7.6,20.8
BGS-1440,F,22.16666667,33
BGS-1441,F,9.45,25.4
BGS-1442,M,15.3,28.55
BGS-1443,F,7.6,21.3
BGS-1444,F,6.5,21.3
BGS-1445,F,32.5,38.5
BGS-1446,M,19.75,33.36
BGS-1447,F,27,33.5
BGS-1448,M,11.55,25.5
BGS-1449,M,17.5,31
BGS-1450,F,30,37.9
BGS-1451,M,17,33.5
BGS-1452,M,23.1,32.25
BGS-1453,F,6.9,22
BGS-1454,F,7.8,23
BGS-1455,F,12.3,24.5
BGS-1457,F,6.6,22
BGS-1458,F,34.5,39.4
BGS-1459,M,19.5,33.8
BGS-1460,M,17,31.8
BGS-1461,M,19,33.4
BGS-1462,M,19.5,34.6
BGS-1463,F,14.4,28.55
BGS-1464,M,23.5,37.8
BGS-1465,M,21,33.5
BGS-1466,M,25.16,33.4
BGS-1467,F,6,19.5
BGS-1468,M,6.1,21.6
BGS-1469,F,7.8,22.9
BGS-1470,F,8,24.2
BGS-1471,M,7.8,23.5
BGS-1472,F,23.5,33
BGS-1473,F,8.2,21.4
BGS-1474,F,6,20.2
BGS-1475,F,8.75,22.9
BGS-1476,F,11.1,23.8
BGS-1477,M,31.76666667,36.13333333
BGS-1478,F,52.125,39.3
BGS-1479,F,46.15,40.3
BGS-1481,F,36,37
BGS-1482,F,32,35.85
BGS-1483,M,16.5,32.6
BGS-1484,M,8.7,23.15
BGS-1485,M,16.1,32.5
BGS-1486,M,9.9,25
BGS-1487,M,8.7,23
BGS-1488,M,16.3,32
BGS-1489,M,23.78,36
BGS-1490,F,10.5,26.2
BGS-1491,M,19.75,33.4
BGS-1492,F,39.16666667,36.73333333
BGS-1493,F,27,31
BGS-1494,F,62.5,43.5
BGS-1495,M,11.1,26.4
BGS-1496,F,7.5,20.8
BGS-1497,F,34.16666667,36.83333333
BGS-1498,F,49.99090909,38.88
BGS-1499,F,7.3,21.8
BGS-15,F,36,37.8
BGS-1500,F,16.5,28
BGS-1501,M,15.5,28.8
BGS-1502,M,8.5,22.5
BGS-1503,F,10.5,24.4
BGS-1504,F,26.5,29.3
BGS-1505,M,8.9,22.15
BGS-1506,F,7.25,19.95
BGS-1507,F,6,18.2
BGS-1508,F,10,22
BGS-1509,M,31.625,36.175
BGS-1510,F,7.6,21.6
BGS-1511,F,45.25,40.1
BGS-1512,M,18,33.8
BGS-1513,F,8.7,23.3
BGS-1514,M,20.83333333,32.36666667
BGS-1515,M,8.7,24
BGS-1516,F,8.3,24
BGS-1517,F,38,37.3
BGS-1518,F,10.75,25.1
BGS-1519,F,37,39.2
BGS-1520,M,12,26.2
BGS-1521,F,7.2,22.2
BGS-1522,F,7.2,24
BGS-1523,M,14.4,30.4
BGS-1524,F,6.4,22.8
BGS-1525,F,8.6,24.2
BGS-1526,M,8.1,22.6
BGS-1527,F,38.75,37
BGS-1528,F,8.5,23
BGS-1529,F,9.9,23.25
BGS-1530,M,21.5,33.5
BGS-1531,M,16.5,31
BGS-1532,F,60.8,39.2
BGS-1533,F,61.5,44.6
BGS-1534,F,16.3,29
BGS-1535,F,39.5,36.2
BGS-1536,F,15.7,26.4
BGS-1537,F,35.5,34.53333333
BGS-1538,F,35.5,35
BGS-1539,F,14.7,28.2
BGS-1540,M,20,31.2
BGS-1541,F,36,34
BGS-1542,F,32.5,32.5
BGS-1543,F,15.1,26.4
BGS-1544,M,30.46666667,35.85
BGS-1545,F,11.7,26.5
BGS-1546,M,15.3,26.8
BGS-1547,F,21.95,29.8
BGS-1548,M,18.5,32
BGS-1549,M,26,36
BGS-1550,M,16.33333333,29.93333333
BGS-1551,F,9.9,24.2
BGS-1552,F,8.5,22.9
BGS-1553,M,21,33.5
BGS-1554,F,40.25,36.1
BGS-1555,F,33,33
BGS-1556,M,29.15,34.3
BGS-1557,M,7,21.5
BGS-1558,F,10,23.6
BGS-1559,F,13.15,25.8
BGS-1560,F,11.5,23.4
BGS-1561,F,8.9,23.2
BGS-1562,M,11.1,27.2
BGS-1563,F,42.48,35.96
BGS-1564,F,12.8,25.75
BGS-1565,F,32,34.5
BGS-1566,M,10,23
BGS-1567,M,13.65,26.35
BGS-1568,F,10,24
BGS-1569,F,53.08,40.82
BGS-1570,F,43.66666667,36.46666667
BGS-1571,M,19,30
BGS-1572,F,8.7,23
BGS-1573,F,16.53333333,29
BGS-1574,F,10,25
BGS-1575,M,13.3,24.5
BGS-1576,F,10,23
BGS-1577,F,14.3,25.9
BGS-1578,M,47.54285714,40.58571429
BGS-1579,M,8.7,23.5
BGS-1580,M,28.5,33.9
BGS-1581,F,10.5,23
BGS-1582,F,11,27.5
BGS-1583,F,9.6,24.5
BGS-1584,M,8.7,23
BGS-1585,F,52.06666667,37.56666667
BGS-1586,M,14.1,27.4
BGS-1587,F,12.5,25.8
BGS-1588,F,50,38.8
BGS-1589,F,46.63333333,38.1
BGS-1590,M,11.7,26.2
BGS-1591,M,24.5,32.4
BGS-1592,F,31.5,34.8
BGS-1593,F,15.5,28
BGS-1594,M,22.35,30.1
BGS-1595,M,30.55,37.96666667
BGS-1596,F,18.2,29
BGS-1597,F,41.85,36
BGS-1598,F,14.9,27.8
BGS-1599,M,25,35
BGS-1600,F,12.1,26
BGS-1601,M,21.75,33.25
BGS-1602,F,18.1,28.3
BGS-1603,F,15.3,28
BGS-1604,F,51.5,39
BGS-1605,F,49.425,38.275
BGS-1606,M,19.36666667,30.46666667
BGS-1607,M,21.5,31
BGS-1608,M,22.5,30
BGS-1609,F,20,29
BGS-1610,F,78,41
BGS-1611,F,34.74,33.325
BGS-1612,M,25,34.2
BGS-1613,F,25.25,31.5
BGS-1614,M,20.5,33.4
BGS-1615,F,47.66666667,35.9
BGS-1616,M,22.3,33.2
BGS-1617,F,46.5,38.5
BGS-1618,F,17,28.5
BGS-1619,M,10,24.4
BGS-1620,F,34,36.8
BGS-1621,F,12.55,27.2
BGS-1622,F,34,34.9
BGS-1623,F,55.25,41
BGS-1624,F,49,37.9
BGS-1625,F,10.3,26.6
BGS-1626,M,24,33.2
BGS-1627,F,42.75,35.85
BGS-1628,M,21.25,31.8
BGS-1629,F,80,44.5
BGS-1630,M,11.3,26.3
BGS-1631,F,39.2,38
BGS-1632,M,16.7,30
BGS-1633,F,38.7,36.6
BGS-1634,F,53.7,37.8
BGS-1635,M,15.8,27.8
BGS-1636,M,19.2,30
BGS-1637,M,18,26.6
BGS-1638,F,46.75,39
BGS-1639,F,44.2,37.5
BGS-1640,F,10.5,25
BGS-1641,F,67.7,42
BGS-1642,M,24,34.5
BGS-1643,M,29.2,35
BGS-1644,F,56.79166667,40.225
BGS-1645,F,44,37.3
BGS-1646,M,13.8,28.8
BGS-1647,F,40.18333333,35.775
BGS-1648,F,79,44
BGS-1649,M,16.4,28.6
BGS-1650,M,30.2,33
BGS-1651,F,54,41.6
BGS-1652,M,28.2,32.2
BGS-1653,M,27.7,31.3
BGS-1654,M,33.3,34.7
BGS-1655,F,16.5,28.9
BGS-1656,M,28.7,35.35
BGS-1657,F,44,37.2
BGS-1658,F,47.2,38.16
BGS-1659,F,25,31
BGS-1660,M,18.2,29.8
BGS-1661,M,26,32.8
BGS-1662,F,9,24
BGS-1663,M,29.2,34.7
BGS-1664,F,41,36.7
BGS-1665,M,39.9,38.5
BGS-1666,F,45.7,35.8
BGS-1667,M,16,28
BGS-1668,M,25.3,34
BGS-1669,F,48,35.5
BGS-1670,M,11.5,23.3
BGS-1671,F,14.3,27.5
BGS-1672,M,14,28
BGS-1673,M,33.25,36.4
BGS-1674,M,32,35
BGS-1675,M,20.34,30.64
BGS-1676,F,35,36
BGS-1677,F,17.5,27.8
BGS-1678,M,14.5,26.8
BGS-1679,F,17.5,28
BGS-168,M,28.75,36.3
BGS-1680,F,46.5,36
BGS-1681,F,58.85,36.5
BGS-1682,M,17.85,32.1
BGS-1683,M,39.4,39
BGS-1684,F,56.06666667,40.76666667
BGS-1685,M,37.5,38.2
BGS-1686,M,17.8375,28.875
BGS-1687,F,30.68,35.64
BGS-1688,M,25,34.4
BGS-1689,M,20.7,31
BGS-1690,F,20,33
BGS-1691,F,44,36
BGS-1692,M,22.5,32.63333333
BGS-1693,F,19,28.4
BGS-1694,M,12.7,24.4
BGS-1695,F,61.25,40.3
BGS-1696,F,32,36.4
BGS-1698,M,28.23333333,34.46666667
BGS-1699,F,59.7,40
BGS-1700,F,21.8,30.8
BGS-1701,M,35.65,36.4
BGS-1702,F,66.25,40.2
BGS-1703,F,29.225,34.1
BGS-1704,M,37.5,39.86666667
BGS-1705,M,20.5,29
BGS-1706,F,24.5,31.2
BGS-1707,M,29.01111111,36.68888889
BGS-1708,M,22.55,30.5
BGS-1709,M,28.85714286,35.02857143
BGS-1710,M,25.2,32.3
BGS-1711,M,28.2,34.2
BGS-1712,F,57.8875,41.52857143
BGS-1713,F,53.73333333,38.76666667
BGS-1714,M,30.6,34.2
BGS-1715,F,27,31.6
BGS-1716,F,30.3,37.7
BGS-1717,F,29,34.8
BGS-1718,M,32.1,37.1
BGS-1719,M,29,36.6
BGS-172,M,29.7,36.76666667
BGS-1720,M,24,33.1
BGS-1721,M,30,36.5
BGS-1722,M,25.4,34.2
BGS-1723,M,24.6,32.8
BGS-1724,F,38,37.5
BGS-1725,M,21.3,32.1
BGS-1726,M,17.3,33
BGS-1727,M,27.3,33.43333333
BGS-1728,M,28.86666667,37.3
BGS-1729,M,28,35.3
BGS-1730,M,33.1,36.3
BGS-1731,F,37.6,38
BGS-1732,M,26.6,35
BGS-1733,F,48.7,39
BGS-1734,M,24.25,32.5
BGS-1735,F,41.6,41.4
BGS-1736,M,24.4,33.6
BGS-1737,M,25,34.2
BGS-1738,M,28,34.4
BGS-1739,M,46.8,40.4
BGS-1740,M,25.23333333,33.73333333
BGS-1741,F,23.6,32.5
BGS-1742,M,25.08,34.76
BGS-1743,F,45.06666667,38.43333333
BGS-1744,F,37,38.4
BGS-1745,M,16,30
BGS-1746,M,21,33
BGS-1747,M,27.5,35
BGS-1748,F,43.08,38.06
BGS-1749,F,50.53333333,38.66666667
BGS-1750,M,23.3,34.4
BGS-1751,F,45.675,40.575
BGS-1752,M,27,35.6
BGS-1753,F,39.61666667,36.24
BGS-1754,M,19.2,34.2
BGS-1755,M,23.7,35
BGS-1756,F,6.8,20.4
BGS-1757,F,31.775,33.55
BGS-1758,M,6.6,19.9
BGS-176,M,26,38.7
BGS-1760,M,9.9,24
BGS-1761,M,12.1,25.9
BGS-1763,F,43.86666667,38.86666667
BGS-1768,M,11.03333333,24.05
BGS-1769,F,7.966666667,23.03333333
BGS-1770,M,24,27.4
BGS-1771,M,17.3,32
BGS-1772,M,27.3,36.4
BGS-1773,M,32.8,40
BGS-1774,M,26.86666667,34.86666667
BGS-1775,M,25.6,35.5
BGS-1776,M,27,36
BGS-1777,M,32.5,39.2
BGS-1778,M,27.4,38.2
BGS-1779,M,27.2,36
BGS-1780,M,24.3,36.4
BGS-1781,M,24.4,34.2
BGS-1782,M,23.5,34
BGS-1783,M,25,37.8
BGS-1784,M,26.3,32.4
BGS-1785,M,31.8,36.4
BGS-1786,M,26.2,35
BGS-1787,M,23.1,33
BGS-1788,M,24.1,35.8
BGS-1789,M,25,38.7
BGS-1790,M,7.1,24.8
BGS-1791,M,8,23
BGS-1792,M,8.4,22.06666667
BGS-1793,M,9.1,23.3
BGS-1794,F,37,39.2
BGS-1795,F,37.25,36.8
BGS-1796,M,28.49230769,38.16923077
BGS-1797,F,34.3,37.6
BGS-1798,F,53.3,39.575
BGS-1799,F,40.3,40.8
BGS-1800,F,41.25,41.1
BGS-1801,F,7.4,21.6
BGS-1802,F,5.1,20.2
BGS-1803,F,42.24285714,37.12857143
BGS-1804,M,12.6,24.875
BGS-1805,F,6.2,20.4
BGS-1806,F,42.7,37.16666667
BGS-1807,F,33.8,36.5
BGS-1808,F,9,22.6
BGS-1809,M,25.3,35.33333333
BGS-1810,M,22.675,35.15
BGS-1811,F,9.16,22.24
BGS-1812,M,25.6,40
BGS-1813,F,5,8.4
BGS-1814,M,8.2,22.225
BGS-1815,F,7.5,25.1
BGS-1816,F,14.7,29.2
BGS-1817,M,20.6,34.2
BGS-1818,M,22,35
BGS-1819,F,26.18333333,31.71666667
BGS-1820,M,31.4,36.1
BGS-1821,M,27,39
BGS-1822,F,7.8,22.7
BGS-1823,F,8.5,23.1
BGS-1824,M,19.8,29.4
BGS-1825,F,7.2,21.8
BGS-1826,M,7.4,21.5
BGS-1827,M,14.4,25.4
BGS-1828,M,10.3,24
BGS-1829,F,59.5,42.45
BGS-1830,F,42.1,38.06
BGS-1831,F,14.16666667,27.26666667
BGS-1832,F,55.3,41.66666667
BGS-1833,M,9.1,24.5
BGS-1834,M,23.35,32.8
BGS-1835,F,54.4,41.8
BGS-1836,F,45.3,35.48
BGS-1837,F,8.2,22.1
BGS-1838,F,9,24.4
BGS-1839,M,28.3,36
BGS-1840,M,9.6,23.3
BGS-1841,M,25.3,35.3
BGS-1842,M,23.7,33.1
BGS-1843,F,41.3,37.05
BGS-1844,F,30,36.4
BGS-1846,F,44.08,36.32
BGS-1847,F,7.6,19.2
BGS-1848,M,8.1,21.65
BGS-1849,F,36,36.65
BGS-1850,F,7,19.3
BGS-1851,M,8.4,23.2
BGS-1852,M,13.4,25
BGS-1853,F,32.51428571,31.32857143
BGS-1854,F,8.6,21.3
BGS-1855,M,15.675,26.6
BGS-1856,F,54.6,40
BGS-1857,M,15,26.95
BGS-1858,M,23.73333333,34
BGS-1859,M,8.6,20.2
BGS-1860,F,16.85,26.85
BGS-1862,F,8.5,22.7
BGS-1863,F,25.41428571,30.05714286
BGS-1864,F,24.75714286,29.84285714
BGS-1865,F,46.68,36.54
BGS-1866,F,51.2,37.7
BGS-1867,F,20.975,26.525
BGS-1868,F,6.4,19
BGS-1869,F,8.8,21.5
BGS-1870,F,8,20.3
BGS-1871,F,11.575,25.575
BGS-1872,M,25.6,32.8
BGS-1873,M,10.7,23.3
BGS-1874,F,52.9,38.225
BGS-1875,M,25.1,34.9
BGS-1876,M,28.13333333,34.8
BGS-1877,F,49.1,39.05
BGS-1878,F,53.36666667,39.06666667
BGS-1879,M,13.95,27
BGS-1880,M,30.36666667,38.2
BGS-1881,M,15.55,26.225
BGS-1882,F,51.1,40.5
BGS-1883,M,10.5,24.75
BGS-1884,M,17.4,32.1
BGS-1885,F,13.4,27.55
BGS-1886,F,8.2,22.225
BGS-1887,F,24.33333333,30.68333333
BGS-1888,F,14.18,26.76
BGS-1889,M,12.525,26.175
BGS-189,M,28.25,35.45
BGS-1891,F,49.4,38.44
BGS-1892,F,65.94444444,42.38888889
BGS-1893,M,7.4,23
BGS-1894,F,8.7,22.8
BGS-1895,M,23.4,33.25
BGS-1896,M,28.66666667,36.3
BGS-1897,F,16.7,28.15
BGS-1898,M,30.4,36.53333333
BGS-1899,F,8.4,22.1
BGS-19,F,58,41.5
BGS-1900,F,9.6,23.8
BGs-1901,F,37.6,36.9
BGS-1901,F,50.2,38.4
BGS-1902,M,13.6,26.2
BGS-1903,M,24.1,34.5
BGS-1904,M,9.15,22.9
BGS-1905,M,34.2,35.2
BGS-1906,F,15.32,27.58
BGS-1907,M,19.55,30.95
BGS-1908,M,20.6,34
BGS-1909,F,10.2,23.8
BGS-1910,M,33,37.8
BGS-1911,M,29.53333333,35.56666667
BGS-1912,M,42,43.2
BGS-1913,M,27.6,33.2
BGS-1914,F,49,39
BGS-1915,M,11.33333333,24.83333333
BGS-1916,M,7.9,20
BGS-1917,F,6.3,19.8
BGS-1918,F,10.3,23
BGS-1919,M,28.6,35.2
BGS-1920,F,8.05,21.25
BGS-1921,M,10.4,23
BGS-1922,F,59.63333333,42.15
BGS-1923,M,23.4,33
BGS-1924,F,10.9,24.5
BGS-1925,F,56.6,41.3
BGS-1926,M,30.8,36.36666667
BGS-1927,F,58.15,37.87
BGS-1928,F,48.4,36.8
BGS-1929,F,15.6,26
BGS-1930,F,13.7,25.2
BGS-1931,F,56.06666667,40.8
BGS-1932,F,44.68,35.46
BGS-1933,F,13.5,25.8
BGS-1934,F,15.32857143,26.64285714
BGS-1935,F,13.6,25.2
BGS-1936,M,29.95,33.85
BGS-1937,M,10.1,24.5
BGS-1938,F,58.05,37.9
BGS-1939,F,56.6,42.8
BGS-1940,F,59.6,39.8
BGS-1941,F,14.3,25
BGS-1942,F,42.5,38.4
BGS-1943,F,6.1,19
BGS-1944,F,12.2,24.8
BGS-1945,M,13.36666667,25.6
BGS-1946,F,27.1,28.4
BGS-1947,F,11.1,25.25
BGS-1948,M,20,31.5
BGS-1949,F,9.2,21.6
BGS-1950,M,26.4,32.8
BGS-1951,F,9.6,22.6
BGS-1952,M,4.5,17.6
BGS-1953,M,20.35,30.6
BGS-1954,F,9.8,23.4
BGS-1955,F,17.96666667,27
BGS-1956,F,11.2,24.4
BGS-1957,M,16.9,32.2
BGS-1958,M,29.96666667,32.66666667
BGS-1959,M,13.25,26.75
BGS-1960,M,33.475,35.575
BGS-1961,M,10.4,24.45
BGS-1962,F,9.2,23.8
BGS-1963,M,14.2,26.65
BGS-1964,M,17.6875,27.48571429
BGS-1965,M,11.7,24.2
BGS-1966,M,28.85,36.1
BGS-1967,F,42.8,35.93333333
BGS-1968,F,53.6,37
BGS-1969,F,18.91666667,31.58333333
BGS-1970,F,11.6,26.8
BGS-1971,F,10.4,24
BGS-1972,M,22.84,31.2
BGS-1973,F,14.45,26.05
BGS-1974,F,10.7,23.2
BGS-1975,M,12.3,25.6
BGS-1976,F,12.3,25.6
BGS-1977,F,12,25.4
BGS-1978,F,41.23333333,34.36666667
BGS-1979,M,18.9,29.6
BGS-1980,F,52.475,39.2
BGS-1981,F,32.26666667,33.3
BGS-1982,F,68.6,41.96666667
BGS-1983,F,30.5,33.6
BGS-1984,M,10,23.45
BGS-1985,M,15.4,28.85
BGS-1986,M,30.3,35.55
BGS-1987,F,57.6,39
BGS-1988,F,7.3,21.4
BGS-1989,M,23.6,32.4
BGS-1990,M,8.1,23
BGS-1991,F,52.8,37.6
BGS-1992,M,33.1,36.6
BGS-1993,F,50,37.6
BGS-1994,M,20.82,30.6
BGS-1995,F,29.6,31.85
BGS-1996,M,28.6,34.2
BGS-1997,M,13.3,26
BGS-1998,F,75.8,47.6
BGS-1999,F,70,42.5
BGS-2000,M,10.9,14.2
BGS-2001,M,19.93333333,30.5
BGS-2002,M,34.4,36.5
BGS-2003,F,11.6,25.7
BGS-2004,F,14.6,27
BGS-2005,F,51.33333333,39.3
BGS-2006,F,52.72,38.26
BGS-2007,M,29.3,36.5
BGS-2008,M,23.4,32.4
BGS-2009,F,61.3,39.4
BGS-201,M,36,35
BGS-2010,M,13.7,28.1
BGS-2011,M,14.2,26.4
BGS-2012,M,20,28.6
BGS-2013,F,62.06666667,37.56666667
BGS-2014,F,27.3,33.15
BGS-2015,F,60.6,42.2
BGS-2016,M,13.93333333,26.03333333
BGS-2017,F,20,29.6
BGS-2018,F,11.1,24.2
BGS-2019,M,18.75,29.1
BGS-2020,M,33.1,38
BGS-2021,M,37.4,37.4
BGS-2022,F,55.6,38.8
BGS-2023,M,15.5,28.6
BGS-2024,F,22.7,31.8
BGS-2025,F,48.5,37.2
BGS-2026,F,12.6,25
BGS-2027,F,41.4,34.5
BGS-2028,F,53.1,41.5
BGS-2029,F,50.9,38.8
BGS-2030,F,21.8,30.7
BGS-2031,M,15.5,27.2
BGS-2032,F,41.2,34.4
BGS-2033,F,18.1,29.5
BGS-2034,M,15.4,28
BGS-2035,F,50,38
BGS-2036,M,18.8,29.8
BGS-2037,F,15.7,26.8
BGS-2038,F,58.6,38.8
BGS-2039,F,52.6,39.2
BGS-2040,F,49.20909091,39.10909091
BGS-2041,M,15.15,25.3
BGS-2042,M,13.5,26.6
BGS-2043,M,31.6,34.6
BGS-2044,M,12.1,24.6
BGS-2045,M,9.2,24.4
BGS-2046,M,18.1,28
BGS-2047,M,11.6,26.4
BGS-2048,M,19.24,30.24
BGS-2049,M,13.6,27.1
BGS-205,F,41,36.1
BGS-2050,M,10.3,25.6
BGS-2051,M,31.8,35.6
BGS-2052,F,23.35,31.1
BGS-2053,M,18.2,28.5
BGS-2054,F,40.45,34.55
BGS-2055,F,55.2,40.3
BGS-2056,M,26.6,34.6
BGS-2057,M,15,27.3
BGS-2058,F,14.5,27.9
BGS-2059,F,17.2,29.6
BGS-2060,M,24.6,31.46666667
BGS-2061,M,19.5,29.2
BGS-2062,M,15.5,25.9
BGS-2063,F,32.05,34
BGS-2064,M,14.9,28
BGS-2065,M,14.4,27
BGS-2066,F,57.8,40.2
BGS-2067,F,38.56666667,37.93333333
BGS-2068,M,38.25,39.3
BGS-2069,M,18.5,29.8
BGS-2070,M,20,31
BGS-2071,F,41.6,35.5
BGS-2072,F,11.3,27.6
BGS-2073,M,21.65,32.9
BGS-2074,M,43,38
BGS-2075,M,31,36.2
BGS-2076,M,19.95,29.6
BGS-2077,M,16.1,29
BGS-2078,M,15.95,29.1
BGS-2079,M,17.2,28.8
BGS-2080,F,22.9,25.25
BGS-2081,F,41.25,38.95
BGS-2082,M,22.775,29.8
BGS-2083,F,31.35,35.85
BGS-2084,M,20,30
BGS-2085,M,23,32.8
BGS-2086,M,21.3,32.3
BGS-2087,F,51.2,43.1
BGS-2088,M,22.1,31
BGS-2089,M,21.4,32.4
BGS-2090,M,23.2,34.5
BGS-2091,M,38.2,38.7
BGS-2092,M,22.1,31.64
BGS-2093,M,22.05,30.55
BGS-2094,M,37.1,37.4
BGS-2095,M,28.55,33.65
BGS-2096,M,26.35,33.6
BGS-2097,M,25.7,35.2
BGS-2098,M,21.5,31.4
BGS-2099,F,27.2,38.8
BGS-2100,F,40,41
BGS-2101,F,33.1,37
BGS-2102,M,21.275,32.975
BGS-2103,M,20.9,33.6
BGS-2104,F,23.6,33.5
BGS-2105,F,36.7,37.2
BGS-2106,M,32,38.4
BGS-2107,M,20.1,30.6
BGS-2108,F,40.4,37.4
BGS-2109,M,12.9,27.05
BGS-2110,M,15.4,32
BGS-2111,F,8.5,22.44
BGS-2112,M,7.3,20.5
BGS-2113,M,23.9125,33.05
BGS-2114,M,5.2,21
BGS-2115,M,6,21
BGS-2116,M,20,34.5
BGS-2117,F,8.8,22.83333333
BGS-2118,M,19.25,33.2
BGS-2119,M,25.08333333,34.54
BGS-2120,M,33.8,35.43333333
BGS-2121,M,23.53333333,33.53333333
BGS-2122,M,7.9,21.4
BGS-2123,M,13.76666667,25.7
BGS-2124,M,6.6,21.8
BGS-2125,M,5.6,21.5
BGS-2126,M,4.8,19.4
BGS-2127,M,6.333333333,19.46666667
BGS-2128,F,9.4,24.4
BGS-2129,M,16,31.1
BGS-2130,F,25,34.3
BGS-2131,F,31.86666667,31.3
BGS-2132,F,7.4,20.2
BGS-2133,M,20.1,33.2
BGS-2134,M,12.95,24.75
BGS-2135,M,13.575,26.4
BGS-2136,M,26.2,34.9
BGS-2137,M,8.2,21
BGS-2138,M,31.35,37.625
BGS-2139,M,5.6,20.5
BGS-2140,M,26.35,36.35
BGS-2141,M,13.83333333,26.23333333
BGS-2142,M,7.5,19.9
BGS-2143,M,7.8,20.4
BGS-2144,M,21.6,33.8
BGS-2145,F,8,23.8
BGS-2146,F,22.1,30.5
BGS-2147,F,6.5,18.8
BGS-2148,F,21.625,26.425
BGS-2149,F,6.5,20.4
BGS-2150,F,9.35,22.3
BGS-2151,M,8.4,23.9
BGS-2152,M,8.45,22.95
BGS-2153,M,23.2,33.1
BGS-2154,F,31.6,33.7
BGS-2155,M,6.3,19.8
BGS-2156,M,33.8,35.75
BGS-2157,M,8.6,22.5
BGS-2158,M,5.7,29.7
BGS-2159,F,5.4,19.7
BGS-2160,M,9.3,27.4
BGS-2161,M,10,23.2
BGS-2162,F,6.1,19
BGS-2163,F,50.8,38.65
BGS-2164,M,16.93333333,27.16666667
BGS-2165,F,7.4,22.6
BGS-2166,F,32,36.2
BGS-2167,M,5.1,19.1
BGS-2168,M,12.7,25.1
BGS-2169,M,21.1,32.5
BGS-2170,F,8.6,21.5
BGS-2171,F,49.85,36.075
BGS-2172,F,42.8,36.35
BGS-2173,F,39.4,36.03333333
BGS-2174,F,6.7,21.2
BGS-2175,F,28.7,29.15
BGS-2176,F,10.2,24.1
BGS-2177,M,26.6,37.5
BGS-2178,M,11,24
BGS-2179,M,7,21.9
BGS-2180,F,8,23.5
BGS-2181,M,11.5,25.4
BGS-2182,M,10.8,23.1
BGS-2183,F,10,23.2
BGS-2184,F,56.225,38.725
BGS-2185,M,8.2,23.1
BGS-2186,F,12.5,26.2
BGS-2187,M,10.4,25.6
BGS-2188,M,9.1,24.4
BGS-2189,M,10.2,24.5
BGS-2190,M,19.5,31.8
BGS-2191,F,10,25.1
BGS-2192,M,15.3,27.7
BGS-2193,F,44.55,37.4
BGS-2194,M,22,30.5
BGS-2195,M,37.08,40.5
BGS-2196,M,14,26.06666667
BGS-2197,M,13.4,25.45
BGS-2198,F,14.2,25.8
BGS-2199,M,8.2,23.2
BGS-2200,M,27.93333333,33.7
BGS-2201,M,24.1,33.5
BGS-2202,M,7.6,22.2
BGS-2203,F,6.4,21
BGS-2204,F,36.8,35.25
BGS-2205,F,13,24.4
BGS-2206,M,12.1,24.5
BGS-2207,F,60,41.8
BGS-2208,M,25.2,33.22
BGS-2209,F,24,34
BGS-2210,M,21,32.5
BGS-2211,F,6.1,21
BGS-2212,M,12,25.5
BGS-2213,F,13.2,25.5
BGS-2214,M,12.13333333,27.1
BGS-2215,M,29.03333333,36.7
BGS-2216,F,24.55,29.85
BGS-2217,M,8.4,23.5
BGS-2218,M,13.55,25.8
BGS-2219,M,8.8,23.5
BGS-2220,F,12,24.5
BGS-2221,M,15.2,27.45
BGS-2222,M,11.4,23.5
BGS-2223,F,42,35.5
BGS-2224,M,35.8,37.5
BGS-2225,M,18.35,28.25
BGS-2226,F,16.3,27.5
BGS-2227,F,35,37
BGS-2228,F,14.7,25.5
BGS-2229,M,23.75,33.8
BGS-2230,M,11.05,23
BGS-2231,M,12.4,24.4
BGS-2232,F,42,36.7
BGS-2233,M,27.2,34.2
BGS-2234,M,31.33333333,36.13333333
BGS-2235,M,12.5,24.9
BGS-2236,M,9.5,23.6
BGS-2237,M,12.8,27
BGS-2238,F,48.5,39.5
BGS-2239,M,7,22.5
BGS-2240,M,19,31.3
BGS-2241,M,11.8,25.3
BGS-2242,M,10.8,24.5
BGS-2243,F,10,25.8
BGS-2244,F,24,31.4
BGS-2245,F,11.8,26
BGS-2246,M,10.4,24.4
BGS-2247,M,20.5,31.3
BGS-2248,F,8.4,23
BGS-2249,F,11.1,25.4
BGS-2250,M,15.15,28.15
BGS-2251,M,13.8,27
BGS-2252,F,10.4,25.4
BGS-2253,M,10,24.4
BGS-2254,F,10.6,24.5
BGS-2255,M,26.1,31.9
BGS-2256,M,6.4,21.5
BGS-2257,M,30,36.7
BGS-2258,M,10.1,24.5
BGS-2259,M,30.3,34.75
BGS-2260,F,10.9,26.1
BGS-2261,M,12.5,25.55
BGS-2262,F,44.3,35.46666667
BGS-2263,F,13.6,28
BGS-2264,M,22,32.1
BGS-2265,M,30.55,35.55
BGS-2266,M,24.66666667,33.3
BGS-2267,M,33.25,37.3
BGS-2268,F,50.2,36.7
BGS-2269,M,20.375,30.15
BGS-2270,M,25,35
BGS-2271,M,17.5,29.1
BGS-2272,M,20.5,31
BGS-2273,M,14.96666667,27.96666667
BGS-2274,F,59.75,38.75
BGS-2275,F,30.95,34.7
BGS-2276,F,16.85,27.75
BGS-2277,M,13,26.2
BGS-2278,M,17.75,29.2
BGS-2279,M,15.6,27.65
BGS-2280,M,14.6,27.5
BGS-2281,F,15.4,27.5
BGS-2282,M,16.66666667,27.63333333
BGS-2283,F,75,40
BGS-2284,M,22.13333333,31.76666667
BGS-2285,M,16.925,28.825
BGS-2286,M,11.83333333,24.83333333
BGS-2287,M,8.8,24.2
BGS-2288,F,14.5,26.2
BGS-2289,M,11.1,25
BGS-2290,M,12.3,25.5
BGS-2291,F,11.6,24.9
BGS-2292,F,55,40.9
BGS-2293,F,42,47.5
BGS-2294,M,17.5,32.2
BGS-2295,M,23,32.2
BGS-2296,F,41.5,36.5
BGS-2297,M,24,32.7
BGS-2298,F,35,35.25
BGS-2299,M,14,27
BGS-2300,M,13.7,25.2
BGS-2301,M,11.7,25.2
BGS-2302,F,13.6,24.4
BGS-2303,F,11.8,25.2
BGS-2304,M,32.05,36.5
BGS-2305,M,14.9,26.9
BGS-2306,F,47.6,38.5
BGS-2307,F,44.6,36.5
BGS-2308,M,9.6,22
BGS-2309,M,12.3,24.65
BGS-2310,M,17,29
BGS-2311,F,46,36.5
BGS-2312,M,15.6,27
BGS-2313,M,9,21.5
BGS-2314,M,8.65,22.3
BGS-2315,F,60.5,41.43333333
BGS-2316,M,11.2,24.5
BGS-2317,M,12.1,23.7
BGS-2318,F,56,43.5
BGS-2319,M,11,24.5
BGS-2320,M,26,32.5
BGS-2321,F,47.66666667,36.86666667
BGS-2322,M,22,32
BGS-2323,F,32.12,32.6
BGS-2324,F,8.8,20.5
BGS-2325,F,8.2,21.5
BGS-2326,M,14.6,27.25
BGS-2327,M,11,23
BGS-2328,M,25,32.5
BGS-2329,M,15.2,26.3
BGS-233,M,22.5,35.4
BGS-2330,M,14.53333333,26.36666667
BGS-2331,F,6.8,23
BGS-2332,M,16.6,29.5
BGS-2333,F,15.2,28
BGS-2334,F,10.2,24
BGS-2335,F,43.33333333,36.5
BGS-2336,F,16.75,27
BGS-2337,F,49.5,35.5
BGS-2338,F,12.05,24
BGS-2339,M,14.8,26.2
BGS-2340,F,51,40.3
BGS-2341,F,28.85,29.475
BGS-2342,F,53.9625,36.85
BGS-2343,M,10.6,23
BGS-2344,F,44,35.5
BGS-2345,M,28.16666667,33.46666667
BGS-2346,F,47.5,36.5
BGS-2347,M,16.2,28.5
BGS-2348,M,11.1,23.5
BGS-2349,F,84,43
BGS-2350,F,57.5,40.7
BGS-2351,M,10.5,24.8
BGS-2352,M,34.98571429,37.48571429
BGS-2353,M,22.2,30.9
BGS-2354,M,37.5,39.5
BGS-2355,M,15.8,26.5
BGS-2356,M,16,27
BGS-2357,F,40.275,33.7375
BGS-2358,F,18,29
BGS-2359,M,17.6,27
BGS-236,M,29,35.06666667
BGS-2360,M,16,27.5
BGS-2361,F,13.5,24.5
BGS-2362,M,20.7,29.65
BGS-2363,F,11.4,25.4
BGS-2364,F,28.56,32.3
BGS-2365,M,30.5,35.3
BGS-2366,M,20,29
BGS-2367,M,17,27.8
BGS-2368,F,54.5,39
BGS-2369,M,39.1,40
BGS-237,M,35.4,37
BGS-2370,F,15.1,25.5
BGS-2371,M,17.1,28.4
BGS-2372,M,17.65,27.95
BGS-2373,M,26.1,30.4
BGS-2374,F,26.73333333,31.9
BGS-2375,M,8.7,22.1
BGS-2376,M,23.83333333,33.33333333
BGS-2377,F,12,25.4
BGS-2378,M,29.16666667,35.23333333
BGS-2379,M,35.9,35.5
BGS-2380,M,41.1,40
BGS-2381,M,14.2,26.8
BGS-2382,M,17.8,28.6
BGS-2383,F,50.8,40
BGS-2384,F,20,31.7
BGS-2385,F,12.8,26.1
BGS-2386,F,15.15,28
BGS-2387,F,13,24.7
BGS-2388,M,32.15,36.58
BGS-2389,M,35,34.8
BGS-2390,M,37,35.4
BGS-2391,F,29.025,33.6
BGS-2392,F,57.975,39.75
BGS-2393,M,18.6,27.5
BGS-2394,F,19.65,25.4
BGS-2395,M,18.2,29
BGS-2396,M,16.2,29.4
BGS-2397,M,25,32
BGS-2398,F,55.63333333,38.73333333
BGS-2399,F,15.2,25
BGS-2400,F,11.7,24.5
BGS-2401,M,20,30
BGS-2402,F,33.3,33.75
BGS-2403,M,22.33333333,31.93333333
BGS-2404,M,26.6,32
BGS-2405,F,33.3,34.9
BGS-2406,F,80,43.78333333
BGS-2407,F,17.2,29
BGS-2408,M,19.75,26
BGS-2409,F,40.33333333,36.3
BGS-2410,F,57,39
BGS-2411,F,51.6,36.5
BGS-2412,F,21,30.7
BGS-2413,F,16,28.5
BGS-2414,M,18.5,30
BGS-2415,M,17.75,29.4
BGS-2416,M,16,28.6
BGS-2417,M,12,25.8
BGS-2418,F,10,23.8
BGS-2419,M,26.15,33.75
BGS-2420,F,57.2,36.4
BGS-2421,M,12.1,24.5
BGS-2422,M,21.55,30.75
BGS-2423,M,39.4,36.8
BGS-2424,M,22.6,31.5
BGS-2425,F,47.25,38.6
BGS-2426,F,27.95,31.2
BGS-2427,M,24,33.05
BGS-2428,F,19,29.9
BGS-2429,F,8,22.5
BGS-2430,F,50,38.5
BGS-2431,F,39.86666667,36.96666667
BGS-2432,F,29.05,33.35
BGS-2433,F,75.5,38.9
BGS-2434,F,65.5,40
BGS-2435,F,47,40
BGS-2436,M,19,30.1
BGS-2437,M,22.5,30.5
BGS-2438,M,23,31
BGS-2439,F,53.75,38.5
BGS-2440,F,52,39.75
BGS-2441,M,27,32.5
BGS-2442,F,27.5,32.3
BGS-2443,M,39.8,38.56666667
BGS-2444,F,68.5,43.5
BGS-2445,F,19,28.3
BGS-2446,M,20,30
BGS-2447,M,15,26.5
BGS-2448,M,21,30.5
BGS-2449,M,26,30.6
BGS-2450,F,52.95,38.55
BGS-2451,F,97,44
BGS-2452,F,24.5,31.8
BGS-2453,M,27.5,33.83333333
BGS-2454,M,20,30.1
BGS-2455,F,40.5,39.6
BGS-2456,M,20,28.4
BGS-2457,F,27,30.6
BGS-2458,M,11.1,24.2
BGS-2459,F,25,32
BGS-2460,M,27,31.2
BGS-2461,F,36.25,33.3
BGS-2462,M,12.1,25.8
BGS-2463,M,27.1,33.3
BGS-2464,M,23,33.7
BGS-2465,M,20,27
BGS-2466,M,20.5,30.2
BGS-2467,F,33,33.5
BGS-2468,M,22,29.4
BGS-2469,F,31.5,34.5
BGS-2470,M,22,30.6
BGS-2471,M,17.6,28.7
BGS-2472,F,28.5,33
BGS-2473,M,25.5,31
BGS-2474,F,28.5,32
BGS-2475,M,21.75,31.05
BGS-2476,M,22.5,31.5
BGS-2477,F,39,37
BGS-2478,F,39.95,34
BGS-2479,F,48.1,37.15
BGS-2480,M,20.5,29
BGS-2481,F,26,31.3
BGS-2482,F,37.1,35.98
BGS-2483,F,69.46666667,37.86666667
BGS-2484,F,31.5,32.5
BGS-2485,F,29,32.8
BGS-2486,F,20,28
BGS-2487,F,26,32.3
BGS-2488,F,30,32.8
BGS-2489,F,25,32
BGS-2490,M,41,38.3
BGS-2491,M,20.675,32.025
BGS-2492,F,21.5,32.8
BGS-2493,M,25.5,33.6
BGS-2494,M,22.7,31.6
BGS-2495,F,45,37.9
BGS-2496,F,45,39.5
BGS-2497,M,24,31.5
BGS-2498,F,28.5,34
BGS-2499,F,38.6,35
BGS-250,M,41.83333333,36.23333333
BGS-2500,M,28.36666667,32.93333333
BGS-2501,F,7.9,20.9
BGS-2502,M,26.6,32.6
BGS-2503,F,35.6,36.7
BGS-2504,F,36.325,35.725
BGS-2505,F,50.07142857,37.24285714
BGS-2506,M,10.3,21.7
BGS-2507,F,35.6,36.1
BGS-2508,M,25,30.4
BGS-2509,F,30,33.7
BGS-2510,M,15.6,27.6
BGS-2511,M,24.1,31.8
BGS-2512,M,27,33.3
BGS-2513,F,33.6,36.1
BGS-2514,F,9.6,21.6
BGS-2515,F,7.15,19.8
BGS-2516,F,22.7,25.75
BGS-2517,F,54.73333333,37.86666667
BGS-2518,M,11,22
BGS-2519,M,10.6,22.1
BGS-252,M,26.75,32.95
BGS-2520,F,8.7,21.5
BGS-2521,M,9.5,23
BGS-2522,M,28.6,33.5
BGS-2523,F,10,21
BGS-2524,F,10.1,22.9
BGS-2525,M,10.2,23.2
BGS-2526,F,7.1,19.2
BGS-2527,M,10.66666667,24.16666667
BGS-2528,F,7,19.4
BGS-2529,F,6.8,20.2
BGS-2530,M,27.6,35.5
BGS-2531,F,9.45,22.1
BGS-2532,M,27.6,34
BGS-2533,F,35.9,32.7
BGS-2534,F,62,44.2
BGS-2535,M,23.6,32.2
BGS-2536,F,28.96666667,30
BGS-2537,M,8.5,21.8
BGS-2538,F,8.2,22.5
BGS-2539,M,8.1,23.4
BGS-2540,F,59.2,42.6
BGS-2541,M,7.7,22.5
BGS-2542,M,25.125,33.975
BGS-2543,M,20,33.9
BGS-2544,F,37.35,33.45
BGS-2545,F,40.2,41.25
BGS-2546,F,8.5,23
BGS-2547,M,6,20.4
BGS-2548,F,28.4,36.2
BGS-2549,M,24.9,31.85
BGS-2550,M,6.6,21.2
BGS-2551,F,32.4,38.6
BGS-2552,M,20.4,34.1
BGS-2553,M,14.9,28.6
BGS-2554,M,19,34.2
BGS-2555,F,62,43.7
BGS-2556,M,9.5,23.5
BGS-2557,M,9.35,22.85
BGS-2558,F,37.75,35.85
BGS-2559,M,17.95,31.7
BGS-2560,M,24.95,31.925
BGS-2561,F,24.65,30.25
BGS-2562,M,15.4,22.1
BGS-2563,F,7,23.2
BGS-2564,F,9.5,22.65
BGS-2565,M,18.95,31
BGS-2566,F,9.4,22.4
BGS-2567,M,9.7,22.6
BGS-2568,F,10.4,24.5
BGS-2569,M,11.2,25.25
BGS-2570,M,9.4,23.05
BGS-2571,M,8.7,23.8
BGS-2572,M,23.1,30.95
BGS-2573,M,20.9,33.2
BGS-2574,F,8.5,24.9
BGS-2575,F,60.54615385,39.03076923
BGS-2576,F,6.4,22
BGS-2577,F,33.4,37.1
BGS-2578,F,6.5,22.1
BGS-2579,F,9.6,23.3
BGS-2580,F,10.4,24.8
BGS-2581,F,9.3,22.9
BGS-2582,F,8.2,21.8
BGS-2583,M,11.1,22.9
BGS-2584,M,16.45,30
BGS-2585,F,5.4,12
BGS-2586,M,18.8,29.5
BGS-2587,M,20.4,31.5
BGS-2588,F,27.9,28
BGS-2589,M,9.9,23.3
BGS-2590,F,14.65,26.65
BGS-2592,M,12,24.2
BGS-2593,M,23.4,35.2
BGS-2594,M,17.9,31.4
BGS-2595,M,12.4,24.8
BGS-2596,M,10.3,24.2
BGS-2597,M,10.7,23
BGS-2598,F,11.96666667,23.53333333
BGS-2599,M,10.6,23.4
BGS-2600,F,36.4,35.4
BGS-2601,M,8.2,21.3
BGS-2602,M,21.33333333,31.93333333
BGS-2603,F,6.9,20.4
BGS-2604,F,35.2,35.5
BGS-2605,M,6.4,19.1
BGS-2606,M,16.5,27.06666667
BGS-2607,F,39.3,35.3
BGS-2608,M,19.4,32.7
BGS-2609,F,47.9,38.2
BGS-2610,F,64.4,41.6
BGS-2611,F,11.8,25.5
BGS-2612,F,53.06666667,39.2
BGS-2613,M,8.1,20.4
BGS-2614,F,60,39.4
BGS-2615,F,36.4,36.4
BGS-2616,F,39.5,37
BGS-2617,M,21.9,34.7
BGS-2618,F,46.1,37.03333333
BGS-2619,F,36.4,33.5
BGS-2620,M,5.6,17.2
BGS-2621,F,53.85,37.65
BGS-2622,F,55.4,40.2
BGS-2623,F,45.1625,36
BGS-2624,F,13.45,25.75
BGS-2625,M,8.9,23.4
BGS-2626,F,14.76666667,28.06666667
BGS-2627,F,36.33333333,31.9
BGS-2628,F,50,40
BGS-2629,M,14,24.5
BGS-2630,F,8.3,22.1
BGS-2631,F,60.4,39.7
BGS-2632,F,10.2,22.3
BGS-2633,F,50.56666667,38.6
BGS-2634,F,53.4,39.8
BGS-2635,F,38,34.2
BGS-2636,F,31,33.7
BGS-2637,F,37.95,34.125
BGS-2638,F,26.75,31.55
BGS-2639,F,43.4,35.03333333
BGS-264,M,34,38.2
BGS-2640,F,10.2,23.8
BGS-2641,F,9.75,22.2
BGS-2642,M,15.45,25.4
BGS-2643,M,18.5,30.05
BGS-2644,F,11.5,24.3
BGS-2645,M,12.8,25.9
BGS-2646,F,14.6,25.25
BGS-2647,M,26.6,32.9
BGS-2648,M,18.76666667,26.76666667
BGS-2649,M,34.5,38.15
BGS-2650,F,60,44.8
BGS-2651,M,29.1,34.9
BGS-2652,M,18,27.4
BGS-2653,M,10.8,25
BGS-2654,M,23.9,31.2
BGS-2655,M,24,33.5
BGS-2656,F,16.4,26.4
BGS-2657,F,15.45,25.7
BGS-2658,M,16,27.6
BGS-2659,F,16.4,25.5
BGS-2660,F,41.9,35.4
BGS-2661,M,10,22.2
BGS-2662,F,41.4,37.6
BGS-2663,M,14,25.2
BGS-2664,M,33.75,36.1
BGS-2665,M,22.4,30
BGS-2666,M,13.9,25.8
BGS-2667,M,18.86666667,29.2
BGS-2668,F,45.2,35.9
BGS-2669,F,39.6,32.775
BGS-2670,M,26.45,32
BGS-2671,M,25.9,34.6
BGS-2672,F,9.2,22.8
BGS-2673,F,15,26.5
BGS-2674,M,14.4,27.1
BGS-2675,M,30,35.7
BGS-2676,M,31,35.8
BGS-2677,F,46.725,36.75
BGS-2678,F,29,33.5
BGS-2679,F,34.7,35.65
BGS-268,F,40.42,37.775
BGS-2680,M,26.05,31.3
BGS-2681,F,28.96666667,30.5
BGS-2682,F,35.32,33.44
BGS-2683,F,17.5,27.6
BGS-2684,F,9,21.5
BGS-2685,F,42.4,35
BGS-2686,M,25.4,33.5
BGS-2687,F,10.8,22.8
BGS-2688,F,34,34.2
BGS-2689,F,32.9,31.4
BGS-2690,F,43,37.5
BGS-2691,F,49,37.7
BGS-2692,F,50,37.5
BGS-2693,F,62.2,40.5
BGS-2694,F,5.1,18.2
BGS-2695,F,59.4,40.5
BGS-2696,M,28.7,34
BGS-2697,F,39.4,34.7
BGS-2698,F,39.5,34.525
BGS-2699,M,25.9,33.9
BGS-2700,F,32.2,32.8
BGS-2701,F,68.55,40.75
BGS-2702,M,31,37
BGS-2703,F,39.95,35.5
BGS-2704,M,8.5,21.9
BGS-2705,F,12.95,23.85
BGS-2706,F,30.56666667,34.1
BGS-2707,F,29.2,22.8
BGS-2708,F,43.3,36.9
BGS-2709,F,69.4,44
BGS-270b,F,39.325,36.075
BGS-2710,M,9.7,22.2
BGS-2711,F,12.6,24.4
BGS-2712,M,21.73333333,31.8
BGS-2713,M,8.5,21.3
BGS-2714,F,54.5,39.1
BGS-2715,F,36.9,33.8
BGS-2716,F,18.25,27.85
BGS-2717,M,15.5,26.6
BGS-2718,F,44.51428571,34.91428571
BGS-2719,M,17.4,27.5
BGS-2720,F,12.4,24.5
BGS-2721,F,39.5,35.5
BGS-2722,M,11.5,23.8
BGS-2723,F,80.5,41.8
BGS-2724,F,15,26.3
BGS-2725,F,31.66,33.24
BGS-2726,F,32.73333333,32.36666667
BGS-2727,F,18.5,27.65
BGS-2728,F,49.4,36.8
BGS-2729,M,25,31.1
BGS-2730,F,58,41.5
BGS-2731,F,46.4,37.5
BGS-2732,F,52.4,38.5
BGS-2733,F,31.9,32.6
BGS-2734,F,35.7,31.72
BGS-2735,F,8.9,20.5
BGS-2736,M,11.9,24
BGS-2737,F,12.9,23.3
BGS-2738,M,25.4,33
BGS-2739,M,10.9,23.6
BGS-2740,M,6.8,20.2
BGS-2741,F,44.28888889,36.87777778
BGS-2742,F,45.2,37.6
BGS-2743,M,32,35.5
BGS-2744,M,16,28
BGS-2745,F,64,38
BGS-2746,M,16.5,28
BGS-2747,M,13,23.6
BGS-2748,M,15,25.4
BGS-2749,F,12.9,23.7
BGS-275,M,25,35
BGS-2750,F,45.2,36.5
BGS-2751,F,43.425,35.8
BGS-2752,F,15,26
BGS-2753,F,29.06,32.86666667
BGS-2754,M,28.95,37.75
BGS-2755,F,45.7,35.9
BGS-2756,F,43.4,36.4
BGS-2757,F,10.8,22.8
BGS-2758,F,64.3,40.05
BGS-2759,F,8.6,22.3
BGS-2760,M,12.6,26
BGS-2761,M,27.9,33.4
BGS-2762,M,36.3875,36.3
BGS-2763,F,45.7,36.5
BGS-2764,F,45.175,37.5875
BGS-2765,M,29.45,32.9
BGS-2766,F,38.8,35.05
BGS-2767,F,51,36.3
BGS-2768,F,21.5,30.8
BGS-2769,F,15.2,26.6
BGS-2770,M,18,28.4
BGS-2771,F,43.4,33.7
BGS-2772,M,23,29.8
BGS-2773,M,15.5,27.5
BGS-2774,M,25,32.5
BGS-2775,M,8.2,22.2
BGS-2776,M,14.8,26.5
BGS-2777,M,32.7,36
BGS-2778,M,15,27.8
BGS-2779,F,21,29.7
BGS-2780,M,30,34
BGS-2781,M,25.4,32.2
BGS-2782,F,85,43.6
BGS-2783,M,15,27.5
BGS-2784,M,24.4,30.3
BGS-2785,M,46.4,37.3
BGS-2786,M,14.4,25.05
BGS-2787,F,38.7,33
BGS-2788,F,60.5,40.1
BGS-2789,F,41.2,35.4
BGS-2790,F,41,33.3
BGS-2791,M,26.9,34
BGS-2792,F,16.9,27.1
BGS-2793,F,20.6,29.1
BGS-2794,M,25.5,31.6
BGS-2795,F,49.4,35.4
BGS-2796,M,22.4,32.8
BGS-2797,M,31.4,32
BGS-2798,F,15.4,26.9
BGS-2799,F,20.7,29.6
BGS-28,F,59.2,30.3
BGS-2800,F,36.64,32.68
BGS-2801,F,16.9,25.3
BGS-2802,F,20.7,27.15
BGS-2803,F,42.5,22.5
BGS-2804,M,11.5,24.2
BGS-2805,M,22.4,30.1
BGS-2806,M,18,28.8
BGS-2807,F,67.05,41.025
BGS-2808,F,58.26,37.38
BGS-2809,M,13.9,26.6
BGS-2810,F,24.35,30.2
BGS-2811,M,16.6,27.8
BGS-2812,M,30,33.1
BGS-2813,F,19,28.05
BGS-2814,M,18.4,29.8
BGS-2815,F,16.9,28.1
BGS-2816,M,44.4,38.5
BGS-2817,F,26.4,32
BGS-2818,M,16.4,27.8
BGS-2819,F,15,26.6
BGS-282,M,26,33.53333333
BGS-2820,F,53.1,39.55
BGS-2821,F,60,37.6
BGS-2822,M,18.9,29.9
BGS-2823,M,25.2,30.75
BGS-2824,F,22,32.3
BGS-2825,M,17,28.5
BGS-2826,F,45,35.8
BGS-2827,F,21.5,29.9
BGS-2828,F,61.4,38
BGS-2829,M,36.33333333,36.6
BGS-283,F,46,37.5
BGS-2830,M,25.4,32.1
BGS-2831,M,20,28.7
BGS-2832,M,37.4,35.5
BGS-2833,M,23.4,30.5
BGS-2834,F,49.8,37.1
BGS-2835,F,38.95,33
BGS-2836,M,15.9,27
BGS-2837,M,14.9,28.7
BGS-2838,M,19,30
BGS-2839,M,44.9,37.5
BGS-2840,F,58.4,42.2
BGS-2841,M,20.9,30
BGS-2842,M,22.83333333,30.13333333
BGS-2843,M,23,29.1
BGS-2844,F,44,39.2
BGS-2845,F,30.45,32.3
BGS-2846,M,33.4,36.2
BGS-2847,F,33.3,33.75
BGS-2848,M,18,31
BGS-2849,M,34.4,35.7
BGS-2850,M,25,30.5
BGS-2851,F,51.125,38.25
BGS-2852,M,27.4,34.7
BGS-2853,M,18,29.95
BGS-2854,F,10,21.1
BGS-2855,M,26,33.8
BGS-2856,F,9.5,23.3
BGS-2857,F,11.8,25.15
BGS-2858,M,13.5,25.3
BGS-2859,M,22.5,30.9
BGS-2860,F,15.7,27
BGS-2861,F,13.4,24.4
BGS-2862,F,13,25
BGS-2863,F,13.5,25.2
BGS-2864,M,14.4,24.7
BGS-2865,M,17.6,27.83333333
BGS-2866,F,10.8,23.4
BGS-2867,F,10.7,24.7
BGS-2868,F,10,22.9
BGS-2869,M,10.5,23.6
BGS-2870,F,8.8,22.6
BGS-2871,M,10.96666667,24.2
BGS-2872,M,20.6,29
BGS-2873,F,8.85,22.1
BGS-2874,F,26.85,30.65
BGS-2875,M,9.5,23.2
BGS-2876,M,20,29.5
BGS-2877,M,8.9,22.3
BGS-2878,F,7.4,21.6
BGS-2879,M,19,22.5
BGS-288,F,58.6,43.7
BGS-2880,M,23.7,33.6
BGS-2881,M,18.9,22.2
BGS-2882,M,18.76666667,29.93333333
BGS-2883,M,20,32
BGS-2884,F,15.23333333,25.63333333
BGS-2885,F,18.4,29.4
BGS-2886,M,20.1,33.5
BGS-2887,M,27,34.5
BGS-2888,M,16.2,30.6
BGS-2889,F,9.2,24.6
BGS-2890,M,15.6,27.6
BGS-2891,M,8.6,21.9
BGS-2892,M,28,36.4
BGS-2893,M,16,28.5
BGS-2894,F,8.5,22.5
BGS-2895,F,11.4,26
BGS-2896,M,12.55,24.0375
BGS-2897,M,9,22.8
BGS-2898,F,8.4,23
BGS-2899,F,8.6,22.7
BGS-2900,F,28,33.5
BGS-2901,F,30.925,31.775
BGS-2902,M,11.7,26.1
BGS-2903,M,6.6,20.5
BGS-2904,M,9.7,23.2
BGS-2905,F,10.65,24.2
BGS-2906,M,22.9,35.1
BGS-2907,F,23,31.7
BGS-2908,F,38.2,34.35
BGS-2909,F,24.5,33
BGS-291,F,37.5,35.6
BGS-2910,F,43.9,37.9
BGS-2911,M,16.4,31.1
BGS-2912,F,7.1,21.5
BGS-2913,M,9.5,22.1
BGS-2914,F,26.8,33.6
BGS-2915,F,6.1,21.5
BGS-2916,M,21,30.6
BGS-2917,M,15.8,28.7
BGS-2918,M,20,33.2
BGS-2919,M,13.35,25.9
BGS-2920,M,14.9,28.1
BGS-2921,M,11.13333333,24.7
BGS-2922,M,10.7,24.6
BGS-2923,M,20.1,31.8
BGS-2924,F,29.4,32.1
BGS-2925,F,52,52
BGS-2926,M,23.8,34.05
BGS-2927,F,28.9,32.7
BGS-2928,M,10.73333333,23.26666667
BGS-2929,F,16.6,28.5
BGS-2930,F,38,33.55
BGS-2931,F,6.3,19.1
BGS-2932,F,31,31.2
BGS-2933,F,30.7,31.25
BGS-2934,F,10.3,22.3
BGS-2935,F,10.3,22.5
BGS-2936,F,14.7,24.8
BGS-2937,F,15.4,26.3
BGS-2938,F,44,35.7
BGS-2939,F,15.9,25.8
BGS-294,F,40.5,36.9
BGS-2940,M,18.775,28
BGS-2941,M,19.4,32.8
BGS-2942,F,12.6,27.2
BGS-2943,F,9.7,22.6
BGS-2944,M,5.8,18.9
BGS-2945,F,16,26.92
BGS-2946,F,28.9,32.8
BGS-2947,M,11.5,25.3
BGS-2948,F,36.05,34.8
BGS-2949,M,10.7,23.5
BGS-2950,F,9.6,22
BGS-2951,F,58.45,43.7
BGS-2952,M,20.8,31.3
BGS-2953,M,6.3,19.8
BGS-2954,F,7.7,21.4
BGS-2955,M,14.8,27.2
BGS-2956,M,14.7,27.8
BGS-2957,M,15.03333333,24.73333333
BGS-2958,M,15.5,27.15
BGS-2959,F,9,24.8
BGS-2960,M,8.8,23.5
BGS-2961,M,12.3,25.8
BGS-2962,F,15.425,26.725
BGS-2963,M,17.2,31
BGS-2964,F,12.2,25.8
BGS-2965,M,10.9,25.8
BGS-2966,F,10.1,24
BGS-2967,F,17.85,28
BGS-2968,F,14.2,25.8
BGS-2969,F,10.2,23.3
BGS-2970,F,48.7,35.7
BGS-2971,F,57.2,39.8
BGS-2972,F,9.3,22.3
BGS-2973,F,38,35.5
BGS-2974,M,8,21
BGS-2975,F,68,41.8
BGS-2976,F,37.2,35
BGS-2977,F,44.7,36.25
BGS-2978,M,12.7,24.7
BGS-2979,F,35.28,34.34
BGS-2980,M,11.8,23.8
BGS-2981,M,9,22.8
BGS-2982,F,42,37.1
BGS-2983,F,15.525,27.95
BGS-2984,F,29,33.5
BGS-2985,M,28.86666667,33.6
BGS-2986,M,24.1,33.15
BGS-2987,F,11.2,25.5
BGS-2988,M,17.2,30.8
BGS-2989,F,64.6,40.95
BGS-299,M,25.67142857,35.41428571
BGS-2990,M,11.8,25.2
BGS-2991,M,17.8,30.5
BGS-2992,F,29.7,34.1
BGS-2993,F,31.2,34.4
BGS-2994,M,7.5,21.9
BGS-2995,F,10.3,24.1
BGS-2996,M,9.8,23.15
BGS-2997,M,16.2,31
BGS-2998,M,21.4,32.6
BGS-2999,F,49.03333333,36.16666667
BGS-30,F,58.18,41.1
BGS-300,F,47.4,39.8
BGS-3000,M,13.2,26.7
BGS-3001,M,20.5,32.1
BGS-3002,F,10.9,26.7
BGS-3003,M,14.7,27.4
BGS-3004,M,12.2,26.1
BGS-3005,F,14.56666667,26.7
BGS-3006,F,42.7,34.65
BGS-3007,F,39.73333333,34.66666667
BGS-3008,F,7.2,21.5
BGS-3009,F,29.56666667,31.8
BGS-301,M,24.36666667,34.53333333
BGS-3010,M,10.75,23.6
BGS-3011,M,22.7,33.7
BGS-3012,M,19.7,28.2
BGS-3013,F,48.53333333,39.06666667
BGS-3014,F,44.7,38.6
BGS-3015,F,43.2,35.4
BGS-3016,F,35.7,32
BGS-3017,F,11.2,25.6
BGS-3018,F,9.2,22.3
BGS-3019,M,12.73333333,24.06666667
BGS-3020,F,14.8,25.7
BGS-3021,F,17.4,27.8
BGS-3022,M,14.8,25.6
BGS-3023,F,46.4,37.2
BGS-3024,M,15.86666667,27.36666667
BGS-3025,M,28.6,34.4
BGS-3026,M,20,31.1
BGS-3027,F,9,21.8
BGS-3028,M,21.1,31.7
BGS-3029,M,22.5,32.4
BGS-303,M,30.775,36.6
BGS-3030,M,20.7,31.6
BGS-3031,M,23,34.4
BGS-3032,F,9.2,24.1
BGS-3033,M,8.1,22
BGS-3034,M,31.2,36
BGS-3035,M,29.9,33.95
BGS-3036,F,27.33333333,32.7
BGS-3037,F,36.6,34.55
BGS-3038,M,16.2,26.5
BGS-3039,M,14.1,25.2
BGS-3040,M,14.1,7.5
BGS-3041,F,37.1,33.98333333
BGS-3042,F,37.6,33.3
BGS-3043,F,53.62,40.28
BGS-3044,F,9.6,22.5
BGS-3045,M,15,26.2
BGS-3046,F,47.6,34.7
BGS-3047,F,13.6,26.5
BGS-3048,F,17.7,27.7
BGS-3049,M,11,24.3
BGS-305,F,36.76666667,37.36666667
BGS-3050,F,51.35,36.725
BGS-3051,M,25.4,29.4
BGS-3052,F,13,25.2
BGS-3053,M,26.7,32
BGS-3054,F,38.65,33.1
BGS-3055,F,42.25,33.9
BGS-3056,M,12.6,24.7
BGS-3057,F,63.5,41.7
BGS-3058,F,46.77777778,37.01111111
BGS-3059,M,11.4,26.8
BGS-3060,M,18.2,28.9
BGS-3061,F,41.45,34.95
BGS-3062,M,16.9,27.65
BGS-3063,F,30.05,32.6
BGS-3064,F,14,26
BGS-3065,F,15.05,24.8
BGS-3066,F,12,24.7
BGS-3067,M,14.9,26.4
BGS-3068,F,53.25,36.25
BGS-3069,F,41.3,34.8
BGS-3070,F,48.4,38.8
BGS-3071,M,11.2,22.2
BGS-3072,F,42.9,36.85
BGS-3073,F,41.4,33.2
BGS-3074,M,26,33
BGS-3075,F,12,25.2
BGS-3076,M,19,27.8
BGS-3077,F,17.4,28.4
BGS-3078,F,15.2,24.6
BGS-3079,F,34,31
BGS-3080,M,23.5,29.55
BGS-3081,F,24.6,31.9
BGS-3082,F,52.7,38.7
BGS-3083,M,19.55,27.9
BGS-3084,M,18.8,29.6
BGS-3085,M,15.9,27.6
BGS-3086,M,23.3,31.33333333
BGS-3087,M,39.15,38.25
BGS-3088,F,76,40.7
BGS-3089,F,42.2,35.7
BGS-3090,M,16.4,30.7
BGS-3091,M,16.5,27.3
BGS-3092,F,18.4,30.2
BGS-3093,F,44.4,35.9
BGS-3094,F,49.4375,36.7
BGS-3095,F,45.2,36.5
BGS-3096,M,16.7,29.35
BGS-3097,M,14.3,25.6
BGS-3098,M,10.6,23.6
BGS-3099,F,53.4,37
BGS-31,F,66.60833333,45.98333333
BGS-3100,M,13.6,23.6
BGS-3101,M,15.3,25
BGS-3102,F,11.3,24.8
BGS-3103,M,21.8,29.8
BGS-3104,M,18.9,28
BGS-3105,M,15.1,27.5
BGS-3106,F,22.7,29
BGS-3107,M,18.4,28.7
BGS-3108,F,15.4,26.7
BGS-3109,M,24.4,32.3
BGS-3110,M,12.8,26.5
BGS-3111,M,24,32
BGS-3112,M,13.8,26.5
BGS-3113,F,9.4,23.3
BGS-3114,F,11.2,24.7
BGS-3115,F,27.8,30.2
BGS-3116,M,13,26.3
BGS-3117,M,37.6,38.1
BGS-3118,F,29.1,31.75
BGS-3119,F,19.4,27.8
BGS-3120,M,12.5,24.8
BGS-3121,F,11.2,24.2
BGS-3122,F,56.5,34.6
BGS-3123,M,19,27.6
BGS-3124,F,29.4,30.93333333
BGS-3125,F,54,37.9
BGS-3126,M,21.5,29.4
BGS-3127,M,27.8,32
BGS-3128,M,20.9,27.9
BGS-3129,F,49.32,35.92
BGS-313,M,18.96,31.74
BGS-3130,F,23.6,31
BGS-3131,F,11.9,23.6
BGS-3132,F,42,33.9
BGS-3133,F,12.7,26.8
BGS-3134,F,42.8,35.4
BGS-3135,M,18.7,27.7
BGS-3136,M,27.3,29.95
BGS-3137,M,30.9,33
BGS-3138,F,17.2,26.7
BGS-3139,F,10.5,25.4
BGS-3140,M,16.2,27.3
BGS-3141,M,18.5,28.4
BGS-3142,F,59.2,38.3
BGS-3143,M,10,25.9
BGS-3144,M,21.7,29.2
BGS-3145,F,55.4,38.1
BGS-3146,F,15.2,27
BGS-3147,F,43.7,35.2
BGS-3148,F,55.4,39.5
BGS-3149,M,44.7,37.7
BGS-315,M,31.5,37.2
BGS-3150,F,18.5,28.45
BGS-3151,F,13.3,27.5
BGS-3152,F,17.4,28
BGS-3153,M,17.7,28.3
BGS-3154,F,17.2,28.7
BGS-3155,F,13.2,28.8
BGS-3156,F,41.9,35
BGS-3157,F,21.7,31.13333333
BGS-3158,F,29.1,32.66666667
BGS-3159,M,12.7,25.8
BGS-3160,F,12.8,25.7
BGS-3161,M,20,26.8
BGS-3162,F,17.2,27.8
BGS-3163,M,20.55,29.75
BGS-3164,F,77.2,39.2
BGS-3165,F,72.2,40.4
BGS-3166,F,21.5,29.8
BGS-3167,F,22.3,29.8
BGS-3168,F,55.2,37
BGS-3169,F,17.4,29.4
BGS-317,F,42.9,36.925
BGS-3170,M,14.1,26.6
BGS-3171,F,34.6,32.5
BGS-3172,M,23.6,31.75
BGS-3173,F,22.5,33
BGS-3174,M,17.7,27.8
BGS-3175,M,18.6,26.2
BGS-3176,F,17,30.2
BGS-3177,F,28.15,32.75
BGS-3178,M,21.9,31
BGS-3179,F,16.6,28.3
BGS-318,F,39.35,36.225
BGS-3180,M,24,32.7
BGS-3181,F,19.2,28.4
BGS-3182,M,22,31
BGS-3183,F,24.8,32
BGS-3184,F,38.6,34.65
BGS-3185,M,27.4,31.9
BGS-3186,M,23.1,31.9
BGS-3187,F,25.5,32.7
BGS-3188,F,27.2,32.5
BGS-3189,F,40.66666667,35.3
BGS-319,M,19.5,33
BGS-3190,F,14.2,27.2
BGS-3191,M,29.7,35.1
BGS-3192,M,24.3,31.7
BGS-3193,F,44,35.7
BGS-3194,M,18.8,29.7
BGS-3195,M,27.1,31.2
BGS-3196,M,37.6,36.1
BGS-3197,F,53.7,36
BGS-3198,F,45.6,36.4
BGS-3199,F,17.5,28.4
BGS-3200,M,17.6,30.5
BGS-3201,M,27.6,32.3
BGS-3202,F,68.475,38.125
BGS-3203,M,16.2,27
BGS-3204,F,22.4,31.3
BGS-3205,M,15.6,27
BGS-3206,F,25.2,31.5
BGS-3207,F,19.3,30.4
BGS-3208,M,20.6,28.8
BGS-3209,F,33.9,34.2
BGS-3210,F,31.4,33.3
BGS-3211,M,26.1,32.3
BGS-3212,M,24.2,32.6
BGS-3213,M,24.1,32.5
BGS-3214,M,28.4,32
BGS-3215,F,22.7,32.5
BGS-3216,F,21.2,32.1
BGS-3217,M,31.5,36.5
BGS-3218,F,36.4,38.6
BGS-3219,F,25.4,32.3
BGS-3220,M,14.6,28
BGS-3221,M,20.1,31.8
BGS-3222,F,40,37
BGS-3223,F,24.3,31.4
BGS-3224,F,46.5,37.95
BGS-3225,M,28.45,36.25
BGS-3226,F,12.3,24.5
BGS-3227,F,8.9,21.7
BGS-3228,M,20.7,30.7
BGS-3229,F,39.2,36.8
BGS-3230,F,30.2,36.6
BGS-3231,F,28,35.4
BGS-3232,M,27.05,35.475
BGS-3233,F,25.2,34.2
BGS-3234,F,24.6,33.8
BGS-3235,M,16.6,32.5
BGS-3236,M,19.2,32.5
BGS-3237,M,31.2,34.84285714
BGS-3238,F,23.4,32.3
BGS-3239,F,24.7,34.2
BGS-324,F,72.5,45
BGS-3240,M,22.2,34.8
BGS-3241,M,25.2,32.4
BGS-3242,F,22.2,32.8
BGS-3243,M,22.56666667,34.1
BGS-3244,M,15.7,32.3
BGS-3245,F,25.4,33.6
BGS-3246,F,23.5,33.6
BGS-3247,M,10.1,24.4
BGS-3248,F,33.8,37.4
BGS-3249,M,26.7,35
BGS-3250,M,21.45,32.15
BGS-3251,M,27,36.6
BGS-3252,M,20,30.4
BGS-3253,F,12.2,26.6
BGS-3254,M,16.4,30.6
BGS-3255,F,34.53333333,32.7
BGS-3256,F,36.8,33.7
BGS-3257,F,29.4,36.4
BGS-3258,M,15.45,30.65
BGS-3259,M,16.95,30.7
BGS-3260,M,32.1,34.5
BGS-3261,F,31.4,33.95
BGS-3262,M,20.2,31.2
BGS-3263,F,30.97142857,33.2
BGS-3264,F,31.2,32.5
BGS-3265,M,23.2,33.6
BGS-3266,F,10.1,24.1
BGS-3267,M,27,36.6
BGS-3268,F,9,21.9
BGS-3269,M,9.3,23.3
BGS-3270,F,38.86666667,34.76666667
BGS-3271,M,22.7,34.6
BGS-3272,M,18.2,28.4
BGS-3273,M,9.2,22
BGS-3274,F,36,34
BGS-3275,M,24.6,34.6
BGS-3276,F,37.8,34
BGS-3277,M,9.7,24.5
BGS-3278,M,23.7,33.1
BGS-3279,F,9.8,23.1
BGS-3280,M,10.1,23.8
BGS-3281,F,9.3,21.1
BGS-3282,M,16.425,27.475
BGS-3283,F,26,30.9
BGS-3284,F,44.95,38.8
BGS-3285,M,14.06666667,26.16666667
BGS-3286,F,12.675,26
BGS-3287,F,57.6,37.9
BGS-3288,M,25.1,32.35
BGS-3289,M,18.25,28.4
BGS-329,M,16.66666667,30.3
BGS-3290,F,40.35714286,35.37142857
BGS-3291,M,27.5,34.5
BGS-3292,M,38.3,36.1
BGS-3293,M,10.25,23
BGS-3294,F,8.9,20.5
BGS-3295,M,25,33.6
BGS-3296,F,28.2,31.6
BGS-3297,F,9.8,22.75
BGS-3298,M,9.1,22.6
BGS-3299,M,29,31.7
BGS-3300,M,26.23333333,33.9
BGS-3301,M,11.2,23.6
BGS-3302,F,37.7,34.7
BGS-3303,F,9.2,21.5
BGS-3304,F,38.2,37.2
BGS-3305,M,9.4,24.4
BGS-3306,M,25.2,32.2
BGS-3307,F,40.7,37
BGS-3308,M,33.91666667,37.42
BGS-3309,F,55.35,39.95
BGS-331,M,23.35,33.85
BGS-3310,F,10.4,22.6
BGS-3311,F,50.85,36.05
BGS-3312,F,50.6,37.4
BGS-3313,M,15.86,27.18
BGS-3314,M,14.1,26.5
BGS-3315,M,30.7,33.7
BGS-3316,M,13.65,26.8
BGS-3317,F,50.36666667,37.4
BGS-3318,F,12.1,24.85
BGS-3319,F,32.1,30.93333333
BGS-3320,F,41.1,32.7
BGS-3321,M,14.2,25.7
BGS-3322,F,9.45,23.9
BGS-3323,F,47.1,37.8
BGS-3324,M,10.1,24.1
BGS-3325,F,13.1,23.6
BGS-3326,F,9.7,24.7
BGS-3327,M,29,35
BGS-3328,F,9.9,24.7
BGS-3329,F,46.9,39.4
BGS-333,M,30.8,36.7
BGS-3330,F,9.1,23
BGS-3331,M,9.6,25
BGS-3332,M,10.1,23.9
BGS-3333,F,52.7,36.7
BGS-3334,F,45,36.5
BGS-3335,M,15.1,28.3
BGS-3336,F,29.86,32.6
BGS-3337,F,61,38.9
BGS-3338,M,17.9,29.2
BGS-3339,F,89,43
BGS-334,M,20.3,31.85
BGS-3340,F,41.375,34.8
BGS-3341,F,41.3,36.2
BGS-3342,M,21.36666667,31.5
BGS-3343,F,16,29.2
BGS-3344,F,50.85,37.55
BGS-3345,F,50,36.8
BGS-3346,M,11.4,23.7
BGS-3347,M,12.7,24.7
BGS-3348,M,10.8,23.5
BGS-3349,M,12.2,23.8
BGS-3350,M,9.5,23.9
BGS-3351,F,20.3,29.15
BGS-3352,F,73.2,41.4
BGS-3353,F,10.1,24.9
BGS-3354,M,10.2,23.9
BGS-3355,M,9.4,23.5
BGS-3356,M,32.15,34.4
BGS-3357,F,53.1,39.75
BGS-3358,M,10.2,24.2
BGS-3359,M,15.625,27.275
BGS-3360,F,42.35454545,35.48181818
BGS-3361,F,25.16,29.24
BGS-3362,F,16.4,28.4
BGS-3363,F,13.8,25.5
BGS-3364,F,47,34
BGS-3365,F,54.35,39.175
BGS-3366,F,52.7,38.5
BGS-3367,M,29.1,31.3
BGS-3368,M,32.9,32.8
BGS-3369,F,63.5,39.5
BGS-337,F,36.73333333,36.13
BGS-3370,F,17.6,27.5
BGS-3371,F,39,35.5
BGS-3372,F,9.9,24.4
BGS-3373,F,9.8,23
BGS-3374,F,13.8,25
BGS-3375,F,15.1,27.2
BGS-3376,F,52,39.5
BGS-3377,F,55,40.6
BGS-3378,F,65.25,41.25
BGS-3379,F,39.2,34.8
BGS-3380,F,10.5,27.1
BGS-3381,F,50.65,38.775
BGS-3382,F,15.2,27.8
BGS-3383,F,28.9,33.8
BGS-3384,F,59,40
BGS-3385,M,17.34,29.7
BGS-3386,F,17.825,29.1
BGS-3387,F,54.35,37.8
BGS-3388,M,12.8,26.5
BGS-3389,M,33.7,36
BGS-339,F,51.5,38.23333333
BGS-3390,M,20,29.1
BGS-3391,F,32.63333333,34.1
BGS-3392,F,48.2,34
BGS-3393,F,38.7,34.2
BGS-3394,F,43.2,35.2
BGS-3395,F,54,27.5
BGS-3396,M,12.4,26.5
BGS-3397,M,31.375,35.45
BGS-3398,F,65,38.7
BGS-3399,M,18,29.8
BGS-340,F,36.25,35
BGS-3400,F,20.5,31.1
BGS-3401,F,30.8,33.1
BGS-3402,F,46.2,36.2
BGS-3403,F,16.7,27.3
BGS-3404,M,14.3,28.2
BGS-3405,M,25.4,32
BGS-3406,F,52,43.5
BGS-3407,F,47.9,35.8
BGS-3408,M,22.95,32.5
BGS-3409,F,38.7,36.7
BGS-3410,F,19.05,30.55
BGS-3411,M,21.8,31.5
BGS-3412,F,44.7,35
BGS-3413,F,58.2,36.3
BGS-3414,M,20.2,29.2
BGS-3415,M,17.9,31.2
BGS-3416,M,14.3,28.7
BGS-3417,M,36.55,39.35
BGS-3418,F,25.2,32.8
BGS-3419,F,24.7,33
BGS-3420,F,28,35
BGS-3421,F,16.05,26.95
BGS-3422,F,12.2,25.2
BGS-3423,M,11,23.5
BGS-3424,M,26.2,33.2
BGS-3425,M,20,31
BGS-3426,F,63.5,40.75
BGS-3427,M,27.875,34.575
BGS-3428,F,26.5,35.8
BGS-3429,F,52.9,41.4
BGS-3430,M,13.2,27
BGS-3431,M,11.7,24.3
BGS-3432,M,21.4,31.2
BGS-3433,M,21.4,34
BGS-3434,M,23.4,33.6
BGS-3435,M,10.4,24.2
BGS-3436,M,9.8,22.8
BGS-3437,M,11.6,25.1
BGS-3438,M,9.4,23.6
BGS-3439,M,8.7,22.9
BGS-3440,M,10.8,25.2
BGS-3441,F,41.05,35.73333333
BGS-3442,F,11.95,24.5
BGS-3443,M,16.35,28.375
BGS-3444,M,16.7,27.05
BGS-3445,F,9.6,26.3
BGS-3446,F,48.2,41.4
BGS-3447,M,9.6,25.8
BGS-3448,F,41.96666667,36.36666667
BGS-3449,M,10.9,24.95
BGS-345,M,24,34.8
BGS-3450,M,9,24.5
BGS-3451,M,9.7,25.5
BGS-3452,F,9.05,22.4
BGS-3453,M,12.8,24.8
BGS-3454,M,11.2,25.8
BGS-3455,M,18.5,33.2
BGS-3456,F,41,43.5
BGS-3457,M,20,33.2
BGS-3458,M,20,33.5
BGS-3459,M,20,33.6
BGS-346,M,29.8,34.6
BGS-3460,M,8.2,22.3
BGS-3461,M,27.75,34.45
BGS-3462,F,14.5,27.7
BGS-3463,M,18,29.5
BGS-3464,F,38.63333333,35.33333333
BGS-3465,F,9.7,23.4
BGS-3466,M,7.65,22.05
BGS-3467,F,8.3,22.5
BGS-3468,F,11.2,25.6
BGS-3469,F,13.7,28.4
BGS-3470,M,26.43333333,33.36666667
BGS-3471,M,10.5,23.3
BGS-3472,F,35.7,35.5
BGS-3473,F,13.06666667,26.2
BGS-3474,M,12.8,27.7
BGS-3475,M,20.96666667,29.9
BGS-3476,M,31.26,35.68
BGS-3477,M,9.066666667,22.03333333
BGS-3478,M,21,32.6
BGS-3479,M,11,24.8
BGS-3480,F,11.2,25.1
BGS-3481,F,14.25,26.15
BGS-3482,F,48.55,36.85
BGS-3483,M,8,23.2
BGS-3484,F,31,33.1
BGS-3485,F,34.2,35.25
BGS-3486,F,14,25.6
BGS-3487,M,16.5,27.85
BGS-3488,F,14,24.8
BGS-3489,F,20.83333333,28.66666667
BGS-3490,M,12.13333333,24.7
BGS-3491,M,17.65,28.55
BGS-3492,F,12.6,24.2
BGS-3493,F,27.05,29.95
BGS-3494,M,29.7,36.25
BGS-3495,F,41.4,36.9
BGS-3496,M,20.25,31.5
BGS-3497,M,12,24
BGS-3498,M,11,23.8
BGS-3499,M,12.13333333,23.9
BGS-350,M,21.25,32.6
BGS-3500,M,16.85,32.6
BGS-3501,F,10.8,23.1
BGS-3502,F,42.82,36.14
BGS-3503,F,15.4,26.5
BGS-3504,M,13.875,26.9
BGS-3505,F,10.3,23.6
BGS-3506,M,22.2,30.6
BGS-3507,M,13.5,26.1
BGS-3508,F,21.33333333,30.1
BGS-3509,M,11.6,24.05
BGS-351,M,28,38.5
BGS-3510,M,20.2,31.4
BGS-3511,F,15.4,26.25
BGS-3512,F,14,26.8
BGS-3513,F,15.8,29.2
BGS-3514,F,14.6,25.4
BGS-3515,M,11.6,22.7
BGS-3516,F,13.8,26.8
BGS-3517,M,16.4,26.85
BGS-3518,M,13,25.4
BGS-3519,F,12.7,25.3
BGS-3520,F,12.7,24.5
BGS-3521,M,18,32.1
BGS-3522,F,16.9,28.3
BGS-3523,F,24.2,34.4
BGS-3524,M,11,22.3
BGS-3525,M,31.1,34.8
BGS-3526,M,27.85,33.9
BGS-3527,F,14.2,26.2
BGS-3528,M,15.45,26.7
BGS-3529,M,18.9,29.15
BGS-3530,M,16.66666667,28.56666667
BGS-3531,F,15.7,25.975
BGS-3532,F,17.7,27.2
BGS-3533,F,30,31.3
BGS-3534,F,35.83333333,34.34444444
BGS-3535,F,10.2,25
BGS-3536,F,20,27.6
BGS-3537,M,25.7,32.5
BGS-3538,M,12,24.8
BGS-3539,F,12,24.1
BGS-3540,M,13.35,26.4
BGS-3541,F,15.2,27.4
BGS-3542,F,11,24.8
BGS-3543,F,18.9,27.65
BGS-3544,M,10.75,23.65
BGS-3545,F,62.825,40.3
BGS-3546,M,17.5,30.8
BGS-3547,M,12.6,25
BGS-3548,F,13.7,27
BGS-3549,F,13.2,24.4
BGS-355,M,35,37.2
BGS-3550,M,11.75,24.1
BGS-3551,F,15.9,25.05
BGS-3552,F,14.2,25.7
BGS-3553,M,16.8,27.5
BGS-3554,F,56.725,38.625
BGS-3555,M,10.5,22.5
BGS-3556,M,18.625,28.4
BGS-3557,M,14.75,26.65
BGS-3558,M,12.6,25.45
BGS-3559,F,10.5,24.6
BGS-356,M,19,32.3
BGS-3560,M,15.55,26.7
BGS-3561,F,29.32,32.8
BGS-3562,F,13.15,27.2
BGS-3563,M,11.8,24.9
BGS-3564,M,11.55,25.45
BGS-3565,M,15.2,27.1
BGS-3566,M,23.5,34.7
BGS-3567,F,27.2,30.6
BGS-3568,M,15.2,26
BGS-3569,M,12.35,24.45
BGS-357,F,45.6,36.01666667
BGS-3570,M,13.1,25
BGS-3571,M,19.06666667,28.9
BGS-3572,F,12.8,23.8
BGS-3573,F,17.2,27.8
BGS-3574,F,44.3,35.85
BGS-3575,M,25.4,32
BGS-3576,F,13.2,27.1
BGS-3577,F,25.58,30.62
BGS-3578,F,71.16666667,42.75555556
BGS-3579,M,32.2,36
BGS-358,F,58.4,39.8
BGS-3580,M,17.6,30
BGS-3581,F,12.7,25.2
BGS-3582,M,14.4,26
BGS-3583,M,11.8,25.3
BGS-3584,M,11,23.2
BGS-3585,F,15.4,25
BGS-3586,M,13.75,25.75
BGS-3587,M,12.75,24.55
BGS-3588,F,15.4,25.8
BGS-3589,F,16.38,26.26
BGS-3590,M,17,28.55
BGS-3591,M,29.175,35.425
BGS-3592,M,23.15,32.1
BGS-3593,F,48.4,37.125
BGS-3594,F,36.86,34.12
BGS-3595,M,20,27.7
BGS-3596,M,16.2,26.5
BGS-3597,M,16.2,27.7
BGS-3598,F,17.95,28.8
BGS-3599,M,14.8,25.6
BGS-3600,M,15.5,25.7
BGS-3601,F,13,24.7
BGS-3602,F,16,26.1
BGS-3603,F,42.8,35.05
BGS-3604,M,27,32.2
BGS-3605,F,56.66666667,38.76666667
BGS-3606,M,17.5,27.9
BGS-3607,F,64,44
BGS-3608,M,16.3,27.4
BGS-3609,M,10.2,23
BGS-3610,F,14,25.1
BGS-3611,F,55,37.9
BGS-3612,F,27,33.8
BGS-3613,F,17.8,27.8
BGS-3614,M,12.5,24.8
BGS-3615,F,21.6,31.2
BGS-3616,M,17.6,29.1
BGS-3617,M,12,26.4
BGS-3618,F,27.9,31.85
BGS-3619,F,19.3,27.3
BGS-3620,M,18.35,29.15
BGS-3621,M,18.7,28.3
BGS-3622,M,16.2,27.5
BGS-3623,F,22.6,33
BGS-3624,M,19.6,30
BGS-3625,F,40.525,35.75
BGS-3626,F,16,27.3
BGS-3627,F,48.9,33
BGS-3628,M,13,25.6
BGS-3629,M,16.8,28.7
BGS-3630,M,16,27
BGS-3631,M,16.6,18
BGS-3632,M,24.85,32.25
BGS-3633,F,20,30.1
BGS-3634,M,24.05,32
BGS-3635,M,29.85,33.45
BGS-3636,M,11.1,35.6
BGS-3637,F,34.43333333,34.56666667
BGS-3638,F,53.24,40.26
BGS-3639,M,12.6,25.7
BGS-364,F,28,38.5
BGS-3640,M,26.2,33
BGS-3641,M,18.4,28
BGS-3642,F,14.2,27.8
BGS-3643,M,17.6,28.4
BGS-3644,M,24,32.6
BGS-3645,M,18.5,28
BGS-3646,M,14.5,27.6
BGS-3647,M,22.1,29.6
BGS-3648,M,21.36666667,30.16666667
BGS-3649,F,20.3,31
BGS-365,M,16.5,20.3
BGS-3650,F,24.4,30.9
BGS-3651,F,22.6,29.7
BGS-3652,M,30.6,34.7
BGS-3653,F,49.1,38.4
BGS-3654,F,28.9,33.6
BGS-3655,M,33.5,35.5
BGS-3656,F,20,29.6
BGS-3657,F,29.15,31.15
BGS-3658,F,62,41
BGS-3659,F,66,40.6
BGS-366,M,28.5,33.7
BGS-3660,F,57.3,38.2
BGS-3661,F,49.6,39
BGS-3662,F,51.66666667,39
BGS-3663,M,26.5,34.3
BGS-3664,M,13.5,27.7
BGS-3665,F,60.4,40.4
BGS-3666,F,23.6,35.7
BGS-3667,F,43.93333333,38.03333333
BGS-3668,M,31.2,32.8
BGS-3669,F,24.7,31.85
BGS-3670,M,20,31.6
BGS-3671,F,16.1,28.7
BGS-3672,M,19.9,30.3
BGS-3673,F,27.3,34.2
BGS-3674,M,22,29.5
BGS-3675,F,19.8,29.1
BGS-3676,F,25.5,29.9
BGS-3677,F,37.65,37.6
BGS-3678,F,23.93333333,32.26666667
BGS-3679,M,26,32.3
BGS-368,F,44.925,43.9
BGS-3680,F,68.6,41.3
BGS-3681,F,25.7,32
BGS-3682,F,26.8,34.4
BGS-3683,M,24,32.5
BGS-3684,F,35.25,37.55
BGS-3685,F,31.75,35.3
BGS-3686,M,29.7,35.1
BGS-3687,M,26,32.3
BGS-3688,F,23.65,34.65
BGS-3689,F,19,30.6
BGS-369,F,49.8,36.1
BGS-3690,F,22,24.5
BGS-3691,M,24.6,31
BGS-3692,F,36.26666667,37.36666667
BGS-3693,M,25.1,33.6
BGS-3694,M,30.1,34.2
BGS-3695,M,25,32.15
BGS-3696,F,45.66666667,37.93333333
BGS-3697,F,47.75,39.55
BGS-3698,M,14.7,26.1
BGS-3699,F,55.75,43.25
BGS-3700,F,47,41.2
BGS-3701,M,25,32
BGS-3702,F,36,35
BGS-3703,F,37.5,36.3
BGS-3704,F,25.05,32.95
BGS-3705,F,31,35
BGS-3706,F,29.4,36.5
BGS-3707,F,29.05,32.4625
BGS-3708,F,36.65,33.5
BGS-3710,F,31.1,35.9
BGS-3711,F,36.9,35.7
BGS-3712,F,38.25,39.55
BGS-3713,F,28,35
BGS-3714,M,28.2,34.4
BGS-3715,F,38.7,37.3
BGS-3716,F,31,33.1
BGS-3717,M,26.5,36.1
BGS-3718,F,28.6,33.4
BGS-3719,F,32,37.4
BGS-3720,M,23,33.3
BGS-3721,F,31,32.43333333
BGS-3722,M,21,34.3
BGS-3723,F,24.4,31.4
BGS-3724,F,28.8,34.3
BGS-3725,M,23.5,34.2
BGS-3726,F,40,38.6
BGS-3727,F,30.24,33.75
BGS-3728,F,22.8,30.5
BGS-3729,F,53,42.7
BGS-3730,M,24.76666667,32.66666667
BGS-3731,F,29.7,33.5
BGS-3732,M,24.1,32
BGS-3733,M,28.75,36.45
BGS-3734,F,46.63333333,40.86666667
BGS-3735,F,35.5,33.8
BGS-3736,F,46.23333333,34.65
BGS-3737,F,36.5,35.3
BGS-3738,F,37.9,37.6
BGS-3739,M,21.8,30.6
BGS-374,F,29.5,34.1
BGS-3740,M,22.8,31.85
BGS-3741,F,43.5,36
BGS-3742,M,31.4,35.7
BGS-3743,M,23.525,31.95
BGS-3744,F,45.08,35.88
BGS-3745,F,44.31666667,35.4
BGS-3746,M,34.1,35.9
BGS-3747,M,34.7,36.2
BGS-3748,M,29.4,33.85
BGS-3749,F,47.5,36.9
BGS-3750,F,52.55,37.15
BGS-3751,F,51.75,40.25
BGS-3752,M,22.8,31.4
BGS-3753,F,40.86666667,34.6
BGS-3754,F,31.5,34.2
BGS-3755,M,27.95,35
BGS-3756,F,38.4,35.4
BGS-3757,F,26.7,32.1
BGS-3758,F,41.7,35.3
BGS-3759,F,41.6,33.9
BGS-376,F,50.16666667,36.46666667
BGS-3760,M,29.43333333,33.6
BGS-3761,F,43.7,36.35
BGS-3762,F,53.875,39.1
BGS-3763,M,30.05,33.65
BGS-3764,F,39.7,35.4
BGS-3765,F,45,38.8
BGS-3766,F,46.55,38.4
BGS-3767,F,64.58333333,43.85
BGS-3768,F,40.5,35.7
BGS-3769,F,42,36
BGS-3770,F,42,37.45
BGS-3771,F,40.5,34.5
BGS-3772,M,24.5,31.5
BGS-3773,M,26.25,34.75
BGS-3774,F,30.4,34.8
BGS-3775,F,61,40.4
BGS-3776,F,54.75,36.9
BGS-3777,M,23.7,32.2
BGS-3778,F,51.96,39.14
BGS-3779,F,61.125,39.15
BGS-3780,F,54,36.8
BGS-3781,F,44.7,35.1
BGS-3782,M,25.2,31.8
BGS-3783,M,20,34.6
BGS-3784,M,29.5,34
BGS-3785,M,29.75,35.25
BGS-3786,M,23.5,30.5
BGS-3787,M,37.5,36.3
BGS-3788,F,40.5,34.1
BGS-3789,F,47.1,35.4
BGS-3790,M,30,33.6
BGS-3791,F,20.85,29.65
BGS-3792,F,20.35,28.35
BGS-3793,F,20.5,29.5
BGS-3794,F,55.5,38.4
BGS-3795,F,67.5,42.85
BGS-3796,M,30,32.5
BGS-3797,F,21.2,28.3
BGS-3798,M,20,29
BGS-3799,F,36.5,35.1
BGS-380,F,64.5,41.5
BGS-3800,F,23.5,33
BGS-3801,F,53,38.2
BGS-3802,M,33.5,39
BGS-3803,M,34.7,34.8
BGS-3804,F,69.5,42.8
BGS-3805,M,33,39
BGS-3806,M,27.5,33.7
BGS-3807,F,83.5,46.1
BGS-3808,F,71.5,39.8
BGS-3809,F,70.5,39.9
BGS-3810,F,57.5,39.1
BGS-3811,F,69.5,41.1
BGS-3812,M,20.7,31.9
BGS-3813,F,35.7,34.8
BGS-3814,M,22.5,31.6
BGS-3815,M,26.3,32
BGS-3816,F,62.45,40.9
BGS-3817,F,48.83333333,36.23333333
BGS-3818,F,25.75,33.25
BGS-3819,F,43.5,35
BGS-382,F,44.66666667,38.06666667
BGS-3820,F,22,33.6
BGS-3821,M,25.5,32.4
BGS-3822,F,23.5,33.5
BGS-3823,M,22.5,31.8
BGS-3824,F,32.3,40
BGS-3825,M,26.2,33.6
BGS-3826,F,29.5,33.6
BGS-3827,F,24,33.4
BGS-3828,M,22,33.6
BGS-3829,F,45.5,37.4
BGS-3830,M,21.6,30.5
BGS-3831,M,22,32
BGS-3832,F,38.5,34.6
BGS-3833,M,29.3,33.3
BGS-3834,M,28.5,31
BGS-3835,M,22.75,31.4
BGS-3836,F,34.5,34.9
BGS-3837,F,34.8,36.4
BGS-3838,F,42.5,36.1
BGS-3839,M,23.4,31.4
BGS-389,M,25.35,35.85
BGS-393,F,37.41666667,33.42
BGS-395,F,54.65,38.55
BGS-396,F,44.68,37.25
BGS-397,M,28.5,36.1
BGS-399,F,29.5,35.2
BGS-402,F,52,38.1
BGS-403,F,42.5,38.5
BGS-405,F,37.65,32.8
BGS-409,F,70.3,39.1
BGS-412,F,49.6,42.2
BGS-413,M,23.8,34.5
BGS-416,F,53.36666667,39.53333333
BGS-417,M,22.75,34.5
BGS-420,F,39,38.6
BGS-422,F,47.6,35.93333333
BGS-425,F,39.8,35.35
BGS-426,M,28.4,36.6
BGS-427,F,81.5,49.9
BGS-436,F,43.25,35.3
BGS-437,M,20,32.2
BGS-438,M,20,33.1
BGS-439,M,23.8,36.26666667
BGS-440,M,18,32.6
BGS-441,F,37,39.8
BGS-442,F,52.5,44.1
BGS-443,M,16.5,32
BGS-445,M,22.55,34.6375
BGS-446,M,23.5,38.2
BGS-447,M,9.6,24.2
BGS-448,F,5.9,18.9
BGS-451,M,20,33.3
BGS-452,M,27.5,38.2
BGS-453,M,30.5,40
BGS-454,M,27,38
BGS-455,M,30.85,38
BGS-456,M,33.55,38.35
BGS-457,F,33,37
BGS-458,F,41.75,37.55
BGS-459,F,31.8,34.8
BGS-460,M,13.3,27.6
BGS-461,M,8.9,23.8
BGS-462,F,43.5,36.86666667
BGS-463,M,7.4,21.6
BGS-464,F,9.8,23.7
BGS-465,F,48,40.75
BGS-466,M,8.1,22.5
BGS-467,F,16.03333333,28.73333333
BGS-468,M,15.5,27.5
BGS-469,F,7.683333333,20.94
BGS-470,M,12.5,24.6
BGS-472,M,31.75,37.05
BGS-473,F,64,46.4
BGS-474,F,52,39.4
BGS-475,F,47.5,39.1
BGS-476,M,15.05,27.05
BGS-477,M,21.25,35.45
BGS-478,M,14.5,24.5
BGS-479,F,7,19.2
BGS-480,F,11,23.8
BGS-481,M,9,23.4
BGS-482,F,34,34.6
BGS-483,M,8.1,21.7
BGS-484,M,6.6,21.6
BGS-485,M,6.9,21
BGS-486,M,6.033333333,19.73333333
BGS-487,F,9.25,23.7
BGS-488,F,8.5,22.3
BGS-489,F,58.625,40.125
BGS-490,F,23.6,30.6
BGS-491,F,37.5,38
BGS-492,M,11.2,24.9
BGS-493,F,65,43.4
BGS-494,M,27.5,36.75
BGS-495,M,12.5,23.4
BGS-496,M,16.5,28.65
BGS-497,M,7.7,21.3
BGS-498,F,8.6,22.5
BGS-499,F,51,38.5
BGS-500,F,43,38.55
BGS-501,M,11.75,25.85
BGS-502,F,5.1,20
BGS-503,F,8,20.6
BGS-504,M,11.4,24.4
BGS-505,F,9.3,23
BGS-506,F,8.3,23
BGS-507,F,12.5,25.6
BGS-508,F,51.5,40.6
BGS-509,F,8.4,23.1
BGS-510,F,12.1,25.3
BGS-511,F,52.11666667,40.8
BGS-512,F,49.625,40.13333333
BGS-513,F,20,30
BGS-514,F,44,37.8
BGS-515,F,31,33.3
BGS-516,F,6.5,19.6
BGS-517,M,27,36.16666667
BGS-518,F,22.5,30.15
BGS-519,M,4.8,19.4
BGS-520,M,18.52,30
BGS-521,F,7.9,21.5
BGS-522,F,20,28.1
BGS-523,M,20.16666667,31.06666667
BGS-524,F,11.86666667,25.6
BGS-525,F,7.4,20.2
BGS-526,M,17.85,29.3
BGS-527,F,8.4,22
BGS-528,F,28.66666667,34.6
BGS-529,F,13.15,24.8
BGS-530,F,63,44.2
BGS-531,F,51.55,39.6
BGS-532,M,20.55,31.1
BGS-533,M,31.02,37.72
BGS-534,F,42.62,37.6
BGS-535,F,15.9,28.03333333
BGS-536,M,12.9,25.05
BGS-537,F,9.3,23.9
BGS-538,F,17.96666667,29.33333333
BGS-539,F,10.65,24.8
BGS-540,F,25.04,30.56
BGS-541,M,19.5,33.1
BGS-543,M,20.52,31.825
BGS-544,F,14.6,27.13333333
BGS-545,F,19.525,32.6
BGS-546,M,9.8,23.5
BGS-547,M,11.95,24.85
BGS-549,M,23,35.5
BGS-550,F,53.5,42.1
BGS-551,M,22.8,32.33333333
BGS-552,M,14.6,28.85
BGS-553,M,33.33333333,37.2
BGS-554,M,22.6,33.5
BGS-555,M,6.2,21.7
BGS-556,F,6.3,20.5
BGS-557,F,42.15,37.2
BGS-558,F,28.16666667,32.46666667
BGS-559,M,7.5,20.9
BGS-560,M,7.6,20.5
BGS-561,F,12.9,25.175
BGS-562,M,15.13333333,27.03333333
BGS-563,M,18.75,30.15
BGS-564,M,6.4,20
BGS-565,F,18.3,28.1
BGS-566,F,13,25
BGS-567,M,10.1,23.5
BGS-568,F,21.83333333,28.76666667
BGS-569,M,24.85,32.6
BGS-570,F,10.4,25.5
BGS-571,F,10.55,23.25
BGS-572,F,7.933333333,21.36666667
BGS-573,M,9.9,21.5
BGS-574,M,26.4,32.2
BGS-576,M,19.075,28.75
BGS-577,F,13.5,24.5
BGS-578,F,22.8,29.95
BGS-579,F,14.9,26.5
BGS-580,M,25.45,34.95
BGS-581,F,12.3,25.4
BGS-582,M,17,27.7
BGS-583,M,25.75,34.5
BGS-584,M,15.4,26.83333333
BGS-585,F,12.6,25.7
BGS-586,M,19.5,30.4
BGS-587,M,29.35,37.25
BGS-588,M,16.3,27.8
BGS-589,M,12.65,25.9
BGS-590,F,12.9,23.9
BGS-591,M,15.3,28.26666667
BGS-592,M,8.35,21.85
BGS-593,M,18.35,30.95
BGS-594,M,14.8,26.15
BGS-595,F,13,25.1
BGS-596,M,22.5,33.1
BGS-597,F,29.05,33.05
BGS-598,M,16.1,28.7
BGS-599,F,57.1,40.3
BGS-600,F,9.7,24.3
BGS-601,M,38.05,38.3
BGS-602,F,13.2,27.4
BGS-603,F,42.2,37.3
BGS-604,F,10.1,23
BGS-605,F,12.8,36.5
BGS-606,F,34.35,34.05
BGS-607,M,10.7,23.1
BGS-608,M,22,31.6
BGS-609,F,7.8,22.1
BGS-610,M,10.9,23.6
BGS-611,M,14.7,26.8
BGS-612,M,13.2,25.5
BGS-613,M,23.7,32.8
BGS-614,F,31.3,32.35
BGS-615,F,9.2,22.4
BGS-616,F,31.5,36.2
BGS-617,F,4.3,19
BGS-618,F,41.2,36.75
BGS-619,F,22.5,31.5
BGS-620,M,39.45,42.9
BGS-621,M,17.5,29.95
BGS-622,M,20,31.2
BGS-623,M,7.8,21.5
BGS-624,F,37,36.7
BGS-625,M,36.55,40
BGS-626,F,24.55,31.6
BGS-627,F,36.5,37.1
BGS-628,M,11.5,24.5
BGS-629,M,36,38
BGS-630,M,13,24.6
BGS-631,F,86,44
BGS-632,M,15,27.1
BGS-633,M,18,28
BGS-634,M,35,38.75
BGS-635,M,34,35.65
BGS-636,F,17.5,28.5
BGS-637,M,45.1,38.65
BGS-638,F,49.15,40.975
BGS-639,F,39,35.1
BGS-640,F,49,39.5
BGS-641,M,29.1,36.4
BGS-642,F,35,37.5
BGS-643,F,36,37.5
BGS-644,M,11.1,23.5
BGS-645,F,39.5,34.5
BGS-646,F,49.5,36.5
BGS-647,M,9.1,21.8
BGS-648,F,14.15,27.2
BGS-649,F,13.9,24.4
BGS-650,F,50,38
BGS-651,M,29,37.9
BGS-652,F,21.6,29.8
BGS-653,M,34,36.7
BGS-654,F,12.8,26.3
BGS-655,F,12.5,26
BGS-656,M,28.5,35
BGS-657,F,26.4,32.2
BGS-658,F,23.51666667,31.26
BGS-659,F,10.5,23.4
BGS-660,M,19.05,29.75
BGS-661,F,46.21666667,39.2
BGS-662,M,15.9,27.1
BGS-663,M,36.9,40
BGS-664,M,20,29.2
BGS-665,F,44.175,37.075
BGS-666,F,48.36666667,45.76666667
BGS-667,M,14.8,28.1
BGS-668,M,20.9,29.8
BGS-669,F,11.9,26.6
BGS-670,M,10.4,24.1
BGS-671,F,29,34.35
BGS-672,F,15.4,28.8
BGS-673,F,15.2,28.2
BGS-674,M,14.2,26.1
BGS-675,F,48.9,39.6
BGS-676,M,18.7,29.55
BGS-677,F,16.2,27.6
BGS-678,M,24.93333333,33.83333333
BGS-679a,F,27.86666667,33.8
BGS-679b,F,15.5,28.4
BGS-680,M,34.1,36
BGS-681,M,15.2,28.5
BGS-682,M,15.65,28.1
BGS-683,M,14.4,26.2
BGS-684,F,12.1,27.7
BGS-685,F,17.96666667,28.63333333
BGS-686,M,30.9,36.7
BGS-687,M,33.6,30
BGS-688,F,12.5,27.5
BGS-689,F,11.1,25.2
BGS-690,M,14.5,29
BGS-691,M,13.3,30
BGS-692,F,46.5,40.5
BGS-693,M,19.95,31.6
BGS-694,F,17,30.1
BGS-695,F,25.275,32.8
BGS-696,F,33.5,32.8
BGS-697,M,29,36.9
BGS-698,F,37.86666667,38.23333333
BGS-699,F,39,36
BGS-700,F,60.5,42.3
BGS-701,F,60.3,41.6
BGS-702,F,11.5,25.8
BGS-703,F,55.5,39.2
BGS-704,F,7.8,22
BGS-705,F,43.5,40.1
BGS-706,M,8.5,23.7
BGS-707,F,69.5,45
BGS-708,F,44.5,37.7
BGS-709,F,68.5,44
BGS-710,F,50.5,38.9
BGS-711,M,27.5,35.4
BGS-712,F,33.5,33.4
BGS-713,F,11.1,25.5
BGS-714,M,10.9,25.3
BGS-715,M,13,27.4
BGS-716,F,12,25.2
BGS-717,F,61.5,44.5
BGS-719,M,31,38.3
BGS-720,F,23.85,31.4
BGS-721,F,86.7,43.6
BGS-722,F,18,28.5
BGS-724,F,14.4,26.7
BGS-725,M,21.8,31.45
BGS-726,F,19.4,29.96666667
BGS-727,M,13,26.4
BGS-728,F,48,37.1
BGS-729,F,26.2,33.4
BGS-730,F,17.5,29.6
BGS-731,F,32.21666667,34.43333333
BGS-732,M,20.075,31.53333333
BGS-733,F,17,30.3
BGS-734,F,41.75,42.2
BGS-735,M,24,33.4
BGS-736,F,22,31.4
BGS-737,F,17.5,30.1
BGS-738,F,20,30.9
BGS-739,F,82,45.8
BGS-740,M,15.75,27.25
BGS-741,F,23,32.75
BGS-742,M,20.46666667,31.56666667
BGS-743,F,6.2,21.4
BGS-744,M,34.5,37.6
BGS-745,F,37.5,37.76666667
BGS-746,F,18.45,29.15
BGS-747,F,50,41.9
BGS-748,M,40,37.4
BGS-749,F,18.5,20.3
BGS-750,M,10.5,25.5
BGS-751,M,30.16666667,35.76666667
BGS-752,F,78.65,42.8
BGS-753,M,22.25,29.15
BGS-754,M,10.9,25
BGS-755,M,20,34.6
BGS-756,M,18.75,32
BGS-757,F,21,32.9
BGS-758,M,34.5,38.3
BGS-759,F,36,35
BGS-760,F,25.5,32.1
BGS-762,F,39.3,36.5
BGS-763,F,42,34.4
BGS-764,F,40,35
BGS-765,F,35.4,35.4
BGS-766,F,48.4,37.25
BGS-767,M,10.8,24.7
BGS-768,F,12.4,26.4
BGS-769,M,37.5,39.4
BGS-770,F,13,26.4
BGS-771,F,32.3,34.2
BGS-772,M,30.15,35.6
BGS-773,F,41,35.3
BGS-774,F,34.6,33
BGS-775,F,37.7,36.05
BGS-776,M,15.8,27.6
BGS-777,M,11.7,24.6
BGS-778,M,17.4,30
BGS-779,F,47,38.03333333
BGS-780,M,8.1,24.8
BGS-781,M,29.75,40.35
BGS-782,M,18,30.6
BGS-783,F,64.3,41.3
BGS-784,M,18.5,29.6
BGS-785,M,36.8,37
BGS-786,F,8.9,23.6
BGS-787,F,47,41.5
BGS-788,M,23,32.73333333
BGS-789,F,32,34.9
BGS-790,M,35,39.5
BGS-791,M,23.41666667,35.1
BGS-792,F,42.5,39.6
BGS-793,M,27,32.9
BGS-794,F,51.5,38.2
BGS-795,F,35,34.9
BGS-796,F,44.25,37.75
BGS-797,F,44,35.9
BGS-798,F,61.56666667,39.63333333
BGS-799,M,16,29.8
BGS-8,F,53,38
BGS-800,M,20.4,20.5
BGS-801,F,12.5,25.3
BGS-802,M,11.5,26.8
BGS-803,F,17.1,28.9
BGS-804,M,14,28
BGS-806,F,77.5,65.3
BGS-807,F,99.7,49.6
BGS-808,M,32.1,36
BGS-809,F,53.6,41.5
BGS-810,F,45.4,40
BGS-811,M,20,29.8
BGS-812,F,46.9,37.4
BGS-813,F,42.46666667,35.26666667
BGS-814,F,14.4,28
BGS-815,M,18.5,30
BGS-816,M,17.5,29
BGS-817,F,30.53333333,35
BGS-818,F,22.5,31.2
BGS-819,F,54,40.2
BGS-820,F,38.4,38.3
BGS-821,F,48.6,40.5
BGS-822,F,20,30.4
BGS-823,F,96.7,47.8
BGS-824,M,16.6,28.8
BGS-825,F,27.4,30.55
BGS-826,F,65.7,42.4
BGS-827,M,12.6,27.1
BGS-828,F,14.7,29.5
BGS-829,F,28.6,33.2
BGS-830,F,56.7,37.6
BGS-831,F,67.1,40.5
BGS-832,F,53.1,39.2
BGS-833,F,71.5,33.4
BGS-834,F,47.4,36.4
BGS-835,F,93,37.2
BGS-836,M,17,29.5
BGS-837,M,15.9,28
BGS-838,M,25.08,33.5
BGS-839,F,65.5,41
BGS-840,F,51.43333333,39.56666667
BGS-841,M,16.6,29.1
BGS-842,F,26.5,33.3
BGS-843,F,24,32.95
BGS-844,F,24.9,23.6
BGS-845,M,31.4,36.4
BGS-846,F,33.4,36.1
BGS-847,F,41,34.9
BGS-848,F,47.8,36.3
BGS-849,F,71.6,43.8
BGS-850,F,37.2,34.5
BGS-851,F,52.6,39
BGS-852,F,23.55,30.25
BGS-853,F,31.7,35.15
BGS-854,F,22.9,33.6
BGS-855,M,25.25,31.23333333
BGS-856,M,27.8,34.8
BGS-857,F,17.2,30.7
BGS-858,F,48.8,38.5
BGS-859,M,28.96666667,37.36666667
BGS-860,F,39.5,37.2
BGS-861,F,74,37.2
BGS-862,F,31,35.5
BGS-863,M,14,28.3
BGS-864,M,20,30.2
BGS-865,F,31.6,34.5
BGS-866,F,39.6,35.6
BGS-867,M,22.6,32.1
BGS-869,F,19.6,32.5
BGS-870,F,65.4,38.5
BGS-871,M,4,17.1
BGS-872,M,16,25.9
BGS-873,F,8.6,24.1
BGS-875,F,54.1,44.5
BGS-876,M,26.8,33.2
BGS-877,M,17.6,30.5
BGS-878,M,21.2,30.6
BGS-879,F,26.7,33.3
BGS-880,F,27,34.4
BGS-881,F,5.8,19.7
BGS-882,M,3.1,15.3
BGS-883,F,2.8,15.5
BGS-884,M,2.6,14.4
BGS-885,M,2.8,13.3
BGS-886,F,3,15.2
BGS-887,F,3.45,15.8
BGS-888,M,3.1,16.6
BGS-889,F,4.65,17.45
BGS-890,M,3.3,16
BGS-891,F,3.1,15.6
BGS-892,F,5.5,18.1
BGS-893,F,4.1,17
BGS-894,F,4.6,17.5
BGS-895,M,3,15
BGS-896,M,22,31.3
BGS-897,F,22.2,32.65
BGS-898,M,4.1,17.1
BGS-899,F,6.75,19.6
BGS-900,M,3,15.1
BGS-901,M,23.3,34.6
BGS-902,F,49.75,37.35
BGS-903,F,3.2,15.9
BGS-904,F,7,21
BGS-905,F,4.6,7.2
BGS-906,F,6.62,20
BGS-907,F,3,16.8
BGS-908,M,3.1,15.9
BGS-909,M,5.65,19.75
BGS-910,M,3.1,15.6
BGS-911,M,4.8,16.8
BGS-912,F,4.65,19.45
BGS-913,F,45,41.5
BGS-914,F,45.8,42.7
BGS-915,F,6.15,19.6
BGS-916,M,5.2,19
BGS-917,F,17.5,31
BGS-918,M,20,33.6
BGS-919,M,4.1,16.7
BGS-920,F,4.6,18.1
BGS-921,M,9.4,23.16666667
BGS-922,M,3,16.5
BGS-923,M,5.1,18.1
BGS-924,F,3.8,17
BGS-925,M,31,35.9
BGS-926,F,20,30.6
BGS-927,F,3.5,17.3
BGS-928,M,6,19.1
BGS-929,F,5.2,18.2
BGS-930,F,6.6,19.8
BGS-931,M,23.7,34
BGS-932,F,13,25.05
BGS-933,F,9.5,23.1
BGS-934,F,42.8,40.93333333
BGS-935,F,26.5,33.5
BGS-936,M,6.34,22.125
BGS-937,M,4.2,17.2
BGS-938,F,6.8,21.3
BGS-939,M,46.5,42.2
BGS-940,M,20,31.5
BGS-941,M,4.3,17.55
BGS-942,F,4,16.8
BGS-943,M,3,16.2
BGS-944,M,3.4,16
BGS-945,M,6.1,20.7
BGS-946,M,26.6,34
BGS-947,M,22.8,33.2
BGS-948,M,26.7,32.5
BGS-949,F,28.35,35.25
BGS-950,M,20,29
BGS-951,M,4.425,18.1
BGS-952,M,6.5,20.9
BGS-953,F,7.95,21.95
BGS-954,F,4.2,17
BGS-955,F,6,19.6
BGS-956,M,4.1,17.5
BGS-957,M,4.266666667,16.76666667
BGS-958,F,6.45,20.15
BGS-959,F,7.4,19.9
BGS-960,M,4.2,18.2
BGS-961,F,54.2,43
BGS-962,M,3.9,16.8
BGS-963,F,4.6,18
BGS-964,F,6.8,20.7
BGS-965,M,25.6,35.5
BGS-966,F,52.5,42.2
BGS-967,M,28.8,35.3
BGS-968,F,6.833333333,21.43333333
BGS-969,F,38.2,38.7
BGS-970,M,8.2,22.06666667
BGS-971,F,6.3,21.35
BGS-972,M,5.2,20
BGS-973,F,24.84,27.56
BGS-974,F,7.8,22.26666667
BGS-975,F,14.125,26.825
BGS-976,F,2.8,16.8
BGS-977,M,5.35,20
BGS-978,M,5.4,19
BGS-979,F,5.3,19
BGS-980,F,5.1,19
BGS-981,F,46.1,40
BGS-982,M,5.2,19.5
BGS-983,F,33.6,37.6
BGS-984,F,5.4,18.4
BGS-985,F,11.3,23.55
BGS-986,M,7.75,21.75
BGS-987,M,26.7,34.5
BGS-988,F,6.2,21
BGS-989,F,7.8,21.75
BGS-990,M,20.5,31.5
BGS-991,F,5.4,19.7
BGS-992,M,2.9,19.5
BGS-993,F,55.4,44
BGS-994,F,8.9,22.5
BGS-995,F,5.1,20
BGS-996,F,43.825,38.33333333
BGS-997,M,5.3,19.1
BGS-998,F,5.7,20
BGS-999,F,5.25,20.25
